countyfips	county_name	state_abbr	state_name	dist_frb
01001	Autauga	AL	Alabama	6
01003	Baldwin	AL	Alabama	6
01005	Barbour	AL	Alabama	6
01007	Bibb	AL	Alabama	6
01009	Blount	AL	Alabama	6
01011	Bullock	AL	Alabama	6
01013	Butler	AL	Alabama	6
01015	Calhoun	AL	Alabama	6
01017	Chambers	AL	Alabama	6
01019	Cherokee	AL	Alabama	6
01021	Chilton	AL	Alabama	6
01023	Choctaw	AL	Alabama	6
01025	Clarke	AL	Alabama	6
01027	Clay	AL	Alabama	6
01029	Cleburne	AL	Alabama	6
01031	Coffee	AL	Alabama	6
01033	Colbert	AL	Alabama	6
01035	Conecuh	AL	Alabama	6
01037	Coosa	AL	Alabama	6
01039	Covington	AL	Alabama	6
01041	Crenshaw	AL	Alabama	6
01043	Cullman	AL	Alabama	6
01045	Dale	AL	Alabama	6
01047	Dallas	AL	Alabama	6
01049	DeKalb	AL	Alabama	6
01051	Elmore	AL	Alabama	6
01053	Escambia	AL	Alabama	6
01055	Etowah	AL	Alabama	6
01057	Fayette	AL	Alabama	6
01059	Franklin	AL	Alabama	6
01061	Geneva	AL	Alabama	6
01063	Greene	AL	Alabama	6
01065	Hale	AL	Alabama	6
01067	Henry	AL	Alabama	6
01069	Houston	AL	Alabama	6
01071	Jackson	AL	Alabama	6
01073	Jefferson	AL	Alabama	6
01075	Lamar	AL	Alabama	6
01077	Lauderdale	AL	Alabama	6
01079	Lawrence	AL	Alabama	6
01081	Lee	AL	Alabama	6
01083	Limestone	AL	Alabama	6
01085	Lowndes	AL	Alabama	6
01087	Macon	AL	Alabama	6
01089	Madison	AL	Alabama	6
01091	Marengo	AL	Alabama	6
01093	Marion	AL	Alabama	6
01095	Marshall	AL	Alabama	6
01097	Mobile	AL	Alabama	6
01099	Monroe	AL	Alabama	6
01101	Montgomery	AL	Alabama	6
01103	Morgan	AL	Alabama	6
01105	Perry	AL	Alabama	6
01107	Pickens	AL	Alabama	6
01109	Pike	AL	Alabama	6
01111	Randolph	AL	Alabama	6
01113	Russell	AL	Alabama	6
01115	Saint Clair	AL	Alabama	6
01117	Shelby	AL	Alabama	6
01119	Sumter	AL	Alabama	6
01121	Talladega	AL	Alabama	6
01123	Tallapoosa	AL	Alabama	6
01125	Tuscaloosa	AL	Alabama	6
01127	Walker	AL	Alabama	6
01129	Washington	AL	Alabama	6
01131	Wilcox	AL	Alabama	6
01133	Winston	AL	Alabama	6
02013	Aleutians East	AK	Alaska	12
02016	Aleutians West	AK	Alaska	12
02020	Anchorage	AK	Alaska	12
02050	Bethel	AK	Alaska	12
02060	Bristol Bay	AK	Alaska	12
02068	Denali	AK	Alaska	12
02070	Dillingham	AK	Alaska	12
02090	Fairbanks North Star	AK	Alaska	12
02100	Haines	AK	Alaska	12
02105	Hoonah-Angoon Census Area	AK	Alaska	12
02110	Juneau	AK	Alaska	12
02122	Kenai Peninsula	AK	Alaska	12
02130	Ketchikan Gateway	AK	Alaska	12
02150	Kodiak Island	AK	Alaska	12
02158	Kusilvak	AK	Alaska	12
02164	Lake and Peninsula	AK	Alaska	12
02170	Matanuska Susitna	AK	Alaska	12
02180	Nome	AK	Alaska	12
02185	North Slope	AK	Alaska	12
02188	Northwest Arctic	AK	Alaska	12
02195	Petersburg Borough	AK	Alaska	12
02198	Prince of Wales-Hyder	AK	Alaska	12
02201	Prince Wales Ketchikan	AK	Alaska	12
02220	Sitka	AK	Alaska	12
02232	Skagway Hoonah Angoon	AK	Alaska	12
02240	Southeast Fairbanks	AK	Alaska	12
02261	Valdez Cordova	AK	Alaska	12
02270	Wade Hampton	AK	Alaska	12
02280	Wrangell Petersburg	AK	Alaska	12
02282	Yakutat	AK	Alaska	12
02290	Yukon Koyukuk	AK	Alaska	12
04001	Apache	AZ	Arizona	12
04003	Cochise	AZ	Arizona	12
04005	Coconino	AZ	Arizona	12
04007	Gila	AZ	Arizona	12
04009	Graham	AZ	Arizona	12
04011	Greenlee	AZ	Arizona	12
04012	La Paz	AZ	Arizona	12
04013	Maricopa	AZ	Arizona	12
04015	Mohave	AZ	Arizona	12
04017	Navajo	AZ	Arizona	12
04019	Pima	AZ	Arizona	12
04021	Pinal	AZ	Arizona	12
04023	Santa Cruz	AZ	Arizona	12
04025	Yavapai	AZ	Arizona	12
04027	Yuma	AZ	Arizona	12
05001	Arkansas	AR	Arkansas	8
05003	Ashley	AR	Arkansas	8
05005	Baxter	AR	Arkansas	8
05007	Benton	AR	Arkansas	8
05009	Boone	AR	Arkansas	8
05011	Bradley	AR	Arkansas	8
05013	Calhoun	AR	Arkansas	8
05015	Carroll	AR	Arkansas	8
05017	Chicot	AR	Arkansas	8
05019	Clark	AR	Arkansas	8
05021	Clay	AR	Arkansas	8
05023	Cleburne	AR	Arkansas	8
05025	Cleveland	AR	Arkansas	8
05027	Columbia	AR	Arkansas	8
05029	Conway	AR	Arkansas	8
05031	Craighead	AR	Arkansas	8
05033	Crawford	AR	Arkansas	8
05035	Crittenden	AR	Arkansas	8
05037	Cross	AR	Arkansas	8
05039	Dallas	AR	Arkansas	8
05041	Desha	AR	Arkansas	8
05043	Drew	AR	Arkansas	8
05045	Faulkner	AR	Arkansas	8
05047	Franklin	AR	Arkansas	8
05049	Fulton	AR	Arkansas	8
05051	Garland	AR	Arkansas	8
05053	Grant	AR	Arkansas	8
05055	Greene	AR	Arkansas	8
05057	Hempstead	AR	Arkansas	8
05059	Hot Spring	AR	Arkansas	8
05061	Howard	AR	Arkansas	8
05063	Independence	AR	Arkansas	8
05065	Izard	AR	Arkansas	8
05067	Jackson	AR	Arkansas	8
05069	Jefferson	AR	Arkansas	8
05071	Johnson	AR	Arkansas	8
05073	Lafayette	AR	Arkansas	8
05075	Lawrence	AR	Arkansas	8
05077	Lee	AR	Arkansas	8
05079	Lincoln	AR	Arkansas	8
05081	Little River	AR	Arkansas	8
05083	Logan	AR	Arkansas	8
05085	Lonoke	AR	Arkansas	8
05087	Madison	AR	Arkansas	8
05089	Marion	AR	Arkansas	8
05091	Miller	AR	Arkansas	8
05093	Mississippi	AR	Arkansas	8
05095	Monroe	AR	Arkansas	8
05097	Montgomery	AR	Arkansas	8
05099	Nevada	AR	Arkansas	8
05101	Newton	AR	Arkansas	8
05103	Ouachita	AR	Arkansas	8
05105	Perry	AR	Arkansas	8
05107	Phillips	AR	Arkansas	8
05109	Pike	AR	Arkansas	8
05111	Poinsett	AR	Arkansas	8
05113	Polk	AR	Arkansas	8
05115	Pope	AR	Arkansas	8
05117	Prairie	AR	Arkansas	8
05119	Pulaski	AR	Arkansas	8
05121	Randolph	AR	Arkansas	8
05123	Saint Francis	AR	Arkansas	8
05125	Saline	AR	Arkansas	8
05127	Scott	AR	Arkansas	8
05129	Searcy	AR	Arkansas	8
05131	Sebastian	AR	Arkansas	8
05133	Sevier	AR	Arkansas	8
05135	Sharp	AR	Arkansas	8
05137	Stone	AR	Arkansas	8
05139	Union	AR	Arkansas	8
05141	Van Buren	AR	Arkansas	8
05143	Washington	AR	Arkansas	8
05145	White	AR	Arkansas	8
05147	Woodruff	AR	Arkansas	8
05149	Yell	AR	Arkansas	8
06001	Alameda	CA	California	12
06003	Alpine	CA	California	12
06005	Amador	CA	California	12
06007	Butte	CA	California	12
06009	Calaveras	CA	California	12
06011	Colusa	CA	California	12
06013	Contra Costa	CA	California	12
06015	Del Norte	CA	California	12
06017	El Dorado	CA	California	12
06019	Fresno	CA	California	12
06021	Glenn	CA	California	12
06023	Humboldt	CA	California	12
06025	Imperial	CA	California	12
06027	Inyo	CA	California	12
06029	Kern	CA	California	12
06031	Kings	CA	California	12
06033	Lake	CA	California	12
06035	Lassen	CA	California	12
06037	Los Angeles	CA	California	12
06039	Madera	CA	California	12
06041	Marin	CA	California	12
06043	Mariposa	CA	California	12
06045	Mendocino	CA	California	12
06047	Merced	CA	California	12
06049	Modoc	CA	California	12
06051	Mono	CA	California	12
06053	Monterey	CA	California	12
06055	Napa	CA	California	12
06057	Nevada	CA	California	12
06059	Orange	CA	California	12
06061	Placer	CA	California	12
06063	Plumas	CA	California	12
06065	Riverside	CA	California	12
06067	Sacramento	CA	California	12
06069	San Benito	CA	California	12
06071	San Bernardino	CA	California	12
06073	San Diego	CA	California	12
06075	San Francisco	CA	California	12
06077	San Joaquin	CA	California	12
06079	San Luis Obispo	CA	California	12
06081	San Mateo	CA	California	12
06083	Santa Barbara	CA	California	12
06085	Santa Clara	CA	California	12
06087	Santa Cruz	CA	California	12
06089	Shasta	CA	California	12
06091	Sierra	CA	California	12
06093	Siskiyou	CA	California	12
06095	Solano	CA	California	12
06097	Sonoma	CA	California	12
06099	Stanislaus	CA	California	12
06101	Sutter	CA	California	12
06103	Tehama	CA	California	12
06105	Trinity	CA	California	12
06107	Tulare	CA	California	12
06109	Tuolumne	CA	California	12
06111	Ventura	CA	California	12
06113	Yolo	CA	California	12
06115	Yuba	CA	California	12
08001	Adams	CO	Colorado	10
08003	Alamosa	CO	Colorado	10
08005	Arapahoe	CO	Colorado	10
08007	Archuleta	CO	Colorado	10
08009	Baca	CO	Colorado	10
08011	Bent	CO	Colorado	10
08013	Boulder	CO	Colorado	10
08014	Broomfield	CO	Colorado	10
08015	Chaffee	CO	Colorado	10
08017	Cheyenne	CO	Colorado	10
08019	Clear Creek	CO	Colorado	10
08021	Conejos	CO	Colorado	10
08023	Costilla	CO	Colorado	10
08025	Crowley	CO	Colorado	10
08027	Custer	CO	Colorado	10
08029	Delta	CO	Colorado	10
08031	Denver	CO	Colorado	10
08033	Dolores	CO	Colorado	10
08035	Douglas	CO	Colorado	10
08037	Eagle	CO	Colorado	10
08039	Elbert	CO	Colorado	10
08041	El Paso	CO	Colorado	10
08043	Fremont	CO	Colorado	10
08045	Garfield	CO	Colorado	10
08047	Gilpin	CO	Colorado	10
08049	Grand	CO	Colorado	10
08051	Gunnison	CO	Colorado	10
08053	Hinsdale	CO	Colorado	10
08055	Huerfano	CO	Colorado	10
08057	Jackson	CO	Colorado	10
08059	Jefferson	CO	Colorado	10
08061	Kiowa	CO	Colorado	10
08063	Kit Carson	CO	Colorado	10
08065	Lake	CO	Colorado	10
08067	La Plata	CO	Colorado	10
08069	Larimer	CO	Colorado	10
08071	Las Animas	CO	Colorado	10
08073	Lincoln	CO	Colorado	10
08075	Logan	CO	Colorado	10
08077	Mesa	CO	Colorado	10
08079	Mineral	CO	Colorado	10
08081	Moffat	CO	Colorado	10
08083	Montezuma	CO	Colorado	10
08085	Montrose	CO	Colorado	10
08087	Morgan	CO	Colorado	10
08089	Otero	CO	Colorado	10
08091	Ouray	CO	Colorado	10
08093	Park	CO	Colorado	10
08095	Phillips	CO	Colorado	10
08097	Pitkin	CO	Colorado	10
08099	Prowers	CO	Colorado	10
08101	Pueblo	CO	Colorado	10
08103	Rio Blanco	CO	Colorado	10
08105	Rio Grande	CO	Colorado	10
08107	Routt	CO	Colorado	10
08109	Saguache	CO	Colorado	10
08111	San Juan	CO	Colorado	10
08113	San Miguel	CO	Colorado	10
08115	Sedgwick	CO	Colorado	10
08117	Summit	CO	Colorado	10
08119	Teller	CO	Colorado	10
08121	Washington	CO	Colorado	10
08123	Weld	CO	Colorado	10
08125	Yuma	CO	Colorado	10
09001	Fairfield	CT	Connecticut	2
09003	Hartford	CT	Connecticut	1
09005	Litchfield	CT	Connecticut	1
09007	Middlesex	CT	Connecticut	1
09009	New Haven	CT	Connecticut	1
09011	New London	CT	Connecticut	1
09013	Tolland	CT	Connecticut	1
09015	Windham	CT	Connecticut	1
10001	Kent	DE	Delaware	3
10003	New Castle	DE	Delaware	3
10005	Sussex	DE	Delaware	3
11001	District of Columbia	DC	District of Columbia	5
12001	Alachua	FL	Florida	6
12003	Baker	FL	Florida	6
12005	Bay	FL	Florida	6
12007	Bradford	FL	Florida	6
12009	Brevard	FL	Florida	6
12011	Broward	FL	Florida	6
12013	Calhoun	FL	Florida	6
12015	Charlotte	FL	Florida	6
12017	Citrus	FL	Florida	6
12019	Clay	FL	Florida	6
12021	Collier	FL	Florida	6
12023	Columbia	FL	Florida	6
12027	De Soto	FL	Florida	6
12029	Dixie	FL	Florida	6
12031	Duval	FL	Florida	6
12033	Escambia	FL	Florida	6
12035	Flagler	FL	Florida	6
12037	Franklin	FL	Florida	6
12039	Gadsden	FL	Florida	6
12041	Gilchrist	FL	Florida	6
12043	Glades	FL	Florida	6
12045	Gulf	FL	Florida	6
12047	Hamilton	FL	Florida	6
12049	Hardee	FL	Florida	6
12051	Hendry	FL	Florida	6
12053	Hernando	FL	Florida	6
12055	Highlands	FL	Florida	6
12057	Hillsborough	FL	Florida	6
12059	Holmes	FL	Florida	6
12061	Indian River	FL	Florida	6
12063	Jackson	FL	Florida	6
12065	Jefferson	FL	Florida	6
12067	Lafayette	FL	Florida	6
12069	Lake	FL	Florida	6
12071	Lee	FL	Florida	6
12073	Leon	FL	Florida	6
12075	Levy	FL	Florida	6
12077	Liberty	FL	Florida	6
12079	Madison	FL	Florida	6
12081	Manatee	FL	Florida	6
12083	Marion	FL	Florida	6
12085	Martin	FL	Florida	6
12086	Miami-Dade	FL	Florida	6
12087	Monroe	FL	Florida	6
12089	Nassau	FL	Florida	6
12091	Okaloosa	FL	Florida	6
12093	Okeechobee	FL	Florida	6
12095	Orange	FL	Florida	6
12097	Osceola	FL	Florida	6
12099	Palm Beach	FL	Florida	6
12101	Pasco	FL	Florida	6
12103	Pinellas	FL	Florida	6
12105	Polk	FL	Florida	6
12107	Putnam	FL	Florida	6
12109	Saint Johns	FL	Florida	6
12111	Saint Lucie	FL	Florida	6
12113	Santa Rosa	FL	Florida	6
12115	Sarasota	FL	Florida	6
12117	Seminole	FL	Florida	6
12119	Sumter	FL	Florida	6
12121	Suwannee	FL	Florida	6
12123	Taylor	FL	Florida	6
12125	Union	FL	Florida	6
12127	Volusia	FL	Florida	6
12129	Wakulla	FL	Florida	6
12131	Walton	FL	Florida	6
12133	Washington	FL	Florida	6
13001	Appling	GA	Georgia	6
13003	Atkinson	GA	Georgia	6
13005	Bacon	GA	Georgia	6
13007	Baker	GA	Georgia	6
13009	Baldwin	GA	Georgia	6
13011	Banks	GA	Georgia	6
13013	Barrow	GA	Georgia	6
13015	Bartow	GA	Georgia	6
13017	Ben Hill	GA	Georgia	6
13019	Berrien	GA	Georgia	6
13021	Bibb	GA	Georgia	6
13023	Bleckley	GA	Georgia	6
13025	Brantley	GA	Georgia	6
13027	Brooks	GA	Georgia	6
13029	Bryan	GA	Georgia	6
13031	Bulloch	GA	Georgia	6
13033	Burke	GA	Georgia	6
13035	Butts	GA	Georgia	6
13037	Calhoun	GA	Georgia	6
13039	Camden	GA	Georgia	6
13043	Candler	GA	Georgia	6
13045	Carroll	GA	Georgia	6
13047	Catoosa	GA	Georgia	6
13049	Charlton	GA	Georgia	6
13051	Chatham	GA	Georgia	6
13053	Chattahoochee	GA	Georgia	6
13055	Chattooga	GA	Georgia	6
13057	Cherokee	GA	Georgia	6
13059	Clarke	GA	Georgia	6
13061	Clay	GA	Georgia	6
13063	Clayton	GA	Georgia	6
13065	Clinch	GA	Georgia	6
13067	Cobb	GA	Georgia	6
13069	Coffee	GA	Georgia	6
13071	Colquitt	GA	Georgia	6
13073	Columbia	GA	Georgia	6
13075	Cook	GA	Georgia	6
13077	Coweta	GA	Georgia	6
13079	Crawford	GA	Georgia	6
13081	Crisp	GA	Georgia	6
13083	Dade	GA	Georgia	6
13085	Dawson	GA	Georgia	6
13087	Decatur	GA	Georgia	6
13089	DeKalb	GA	Georgia	6
13091	Dodge	GA	Georgia	6
13093	Dooly	GA	Georgia	6
13095	Dougherty	GA	Georgia	6
13097	Douglas	GA	Georgia	6
13099	Early	GA	Georgia	6
13101	Echols	GA	Georgia	6
13103	Effingham	GA	Georgia	6
13105	Elbert	GA	Georgia	6
13107	Emanuel	GA	Georgia	6
13109	Evans	GA	Georgia	6
13111	Fannin	GA	Georgia	6
13113	Fayette	GA	Georgia	6
13115	Floyd	GA	Georgia	6
13117	Forsyth	GA	Georgia	6
13119	Franklin	GA	Georgia	6
13121	Fulton	GA	Georgia	6
13123	Gilmer	GA	Georgia	6
13125	Glascock	GA	Georgia	6
13127	Glynn	GA	Georgia	6
13129	Gordon	GA	Georgia	6
13131	Grady	GA	Georgia	6
13133	Greene	GA	Georgia	6
13135	Gwinnett	GA	Georgia	6
13137	Habersham	GA	Georgia	6
13139	Hall	GA	Georgia	6
13141	Hancock	GA	Georgia	6
13143	Haralson	GA	Georgia	6
13145	Harris	GA	Georgia	6
13147	Hart	GA	Georgia	6
13149	Heard	GA	Georgia	6
13151	Henry	GA	Georgia	6
13153	Houston	GA	Georgia	6
13155	Irwin	GA	Georgia	6
13157	Jackson	GA	Georgia	6
13159	Jasper	GA	Georgia	6
13161	Jeff Davis	GA	Georgia	6
13163	Jefferson	GA	Georgia	6
13165	Jenkins	GA	Georgia	6
13167	Johnson	GA	Georgia	6
13169	Jones	GA	Georgia	6
13171	Lamar	GA	Georgia	6
13173	Lanier	GA	Georgia	6
13175	Laurens	GA	Georgia	6
13177	Lee	GA	Georgia	6
13179	Liberty	GA	Georgia	6
13181	Lincoln	GA	Georgia	6
13183	Long	GA	Georgia	6
13185	Lowndes	GA	Georgia	6
13187	Lumpkin	GA	Georgia	6
13189	McDuffie	GA	Georgia	6
13191	McIntosh	GA	Georgia	6
13193	Macon	GA	Georgia	6
13195	Madison	GA	Georgia	6
13197	Marion	GA	Georgia	6
13199	Meriwether	GA	Georgia	6
13201	Miller	GA	Georgia	6
13205	Mitchell	GA	Georgia	6
13207	Monroe	GA	Georgia	6
13209	Montgomery	GA	Georgia	6
13211	Morgan	GA	Georgia	6
13213	Murray	GA	Georgia	6
13215	Muscogee	GA	Georgia	6
13217	Newton	GA	Georgia	6
13219	Oconee	GA	Georgia	6
13221	Oglethorpe	GA	Georgia	6
13223	Paulding	GA	Georgia	6
13225	Peach	GA	Georgia	6
13227	Pickens	GA	Georgia	6
13229	Pierce	GA	Georgia	6
13231	Pike	GA	Georgia	6
13233	Polk	GA	Georgia	6
13235	Pulaski	GA	Georgia	6
13237	Putnam	GA	Georgia	6
13239	Quitman	GA	Georgia	6
13241	Rabun	GA	Georgia	6
13243	Randolph	GA	Georgia	6
13245	Richmond	GA	Georgia	6
13247	Rockdale	GA	Georgia	6
13249	Schley	GA	Georgia	6
13251	Screven	GA	Georgia	6
13253	Seminole	GA	Georgia	6
13255	Spalding	GA	Georgia	6
13257	Stephens	GA	Georgia	6
13259	Stewart	GA	Georgia	6
13261	Sumter	GA	Georgia	6
13263	Talbot	GA	Georgia	6
13265	Taliaferro	GA	Georgia	6
13267	Tattnall	GA	Georgia	6
13269	Taylor	GA	Georgia	6
13271	Telfair	GA	Georgia	6
13273	Terrell	GA	Georgia	6
13275	Thomas	GA	Georgia	6
13277	Tift	GA	Georgia	6
13279	Toombs	GA	Georgia	6
13281	Towns	GA	Georgia	6
13283	Treutlen	GA	Georgia	6
13285	Troup	GA	Georgia	6
13287	Turner	GA	Georgia	6
13289	Twiggs	GA	Georgia	6
13291	Union	GA	Georgia	6
13293	Upson	GA	Georgia	6
13295	Walker	GA	Georgia	6
13297	Walton	GA	Georgia	6
13299	Ware	GA	Georgia	6
13301	Warren	GA	Georgia	6
13303	Washington	GA	Georgia	6
13305	Wayne	GA	Georgia	6
13307	Webster	GA	Georgia	6
13309	Wheeler	GA	Georgia	6
13311	White	GA	Georgia	6
13313	Whitfield	GA	Georgia	6
13315	Wilcox	GA	Georgia	6
13317	Wilkes	GA	Georgia	6
13319	Wilkinson	GA	Georgia	6
13321	Worth	GA	Georgia	6
15001	Hawaii	HI	Hawaii	12
15003	Honolulu	HI	Hawaii	12
15007	Kauai	HI	Hawaii	12
15009	Maui	HI	Hawaii	12
16001	Ada	ID	Idaho	12
16003	Adams	ID	Idaho	12
16005	Bannock	ID	Idaho	12
16007	Bear Lake	ID	Idaho	12
16009	Benewah	ID	Idaho	12
16011	Bingham	ID	Idaho	12
16013	Blaine	ID	Idaho	12
16015	Boise	ID	Idaho	12
16017	Bonner	ID	Idaho	12
16019	Bonneville	ID	Idaho	12
16021	Boundary	ID	Idaho	12
16023	Butte	ID	Idaho	12
16025	Camas	ID	Idaho	12
16027	Canyon	ID	Idaho	12
16029	Caribou	ID	Idaho	12
16031	Cassia	ID	Idaho	12
16033	Clark	ID	Idaho	12
16035	Clearwater	ID	Idaho	12
16037	Custer	ID	Idaho	12
16039	Elmore	ID	Idaho	12
16041	Franklin	ID	Idaho	12
16043	Fremont	ID	Idaho	12
16045	Gem	ID	Idaho	12
16047	Gooding	ID	Idaho	12
16049	Idaho	ID	Idaho	12
16051	Jefferson	ID	Idaho	12
16053	Jerome	ID	Idaho	12
16055	Kootenai	ID	Idaho	12
16057	Latah	ID	Idaho	12
16059	Lemhi	ID	Idaho	12
16061	Lewis	ID	Idaho	12
16063	Lincoln	ID	Idaho	12
16065	Madison	ID	Idaho	12
16067	Minidoka	ID	Idaho	12
16069	Nez Perce	ID	Idaho	12
16071	Oneida	ID	Idaho	12
16073	Owyhee	ID	Idaho	12
16075	Payette	ID	Idaho	12
16077	Power	ID	Idaho	12
16079	Shoshone	ID	Idaho	12
16081	Teton	ID	Idaho	12
16083	Twin Falls	ID	Idaho	12
16085	Valley	ID	Idaho	12
16087	Washington	ID	Idaho	12
17001	Adams	IL	Illinois	8
17003	Alexander	IL	Illinois	8
17005	Bond	IL	Illinois	8
17007	Boone	IL	Illinois	7
17009	Brown	IL	Illinois	8
17011	Bureau	IL	Illinois	7
17013	Calhoun	IL	Illinois	8
17015	Carroll	IL	Illinois	7
17017	Cass	IL	Illinois	7
17019	Champaign	IL	Illinois	7
17021	Christian	IL	Illinois	7
17023	Clark	IL	Illinois	7
17025	Clay	IL	Illinois	8
17027	Clinton	IL	Illinois	8
17029	Coles	IL	Illinois	7
17031	Cook	IL	Illinois	7
17033	Crawford	IL	Illinois	8
17035	Cumberland	IL	Illinois	7
17037	DeKalb	IL	Illinois	7
17039	Dewitt	IL	Illinois	7
17041	Douglas	IL	Illinois	7
17043	Du Page	IL	Illinois	7
17045	Edgar	IL	Illinois	7
17047	Edwards	IL	Illinois	8
17049	Effingham	IL	Illinois	8
17051	Fayette	IL	Illinois	8
17053	Ford	IL	Illinois	7
17055	Franklin	IL	Illinois	8
17057	Fulton	IL	Illinois	7
17059	Gallatin	IL	Illinois	8
17061	Greene	IL	Illinois	8
17063	Grundy	IL	Illinois	7
17065	Hamilton	IL	Illinois	8
17067	Hancock	IL	Illinois	7
17069	Hardin	IL	Illinois	8
17071	Henderson	IL	Illinois	7
17073	Henry	IL	Illinois	7
17075	Iroquois	IL	Illinois	7
17077	Jackson	IL	Illinois	8
17079	Jasper	IL	Illinois	8
17081	Jefferson	IL	Illinois	8
17083	Jersey	IL	Illinois	8
17085	Jo Daviess	IL	Illinois	7
17087	Johnson	IL	Illinois	8
17089	Kane	IL	Illinois	7
17091	Kankakee	IL	Illinois	7
17093	Kendall	IL	Illinois	7
17095	Knox	IL	Illinois	7
17097	Lake	IL	Illinois	7
17099	La Salle	IL	Illinois	7
17101	Lawrence	IL	Illinois	8
17103	Lee	IL	Illinois	7
17105	Livingston	IL	Illinois	7
17107	Logan	IL	Illinois	7
17109	McDonough	IL	Illinois	7
17111	McHenry	IL	Illinois	7
17113	McLean	IL	Illinois	7
17115	Macon	IL	Illinois	7
17117	Macoupin	IL	Illinois	8
17119	Madison	IL	Illinois	8
17121	Marion	IL	Illinois	8
17123	Marshall	IL	Illinois	7
17125	Mason	IL	Illinois	7
17127	Massac	IL	Illinois	8
17129	Menard	IL	Illinois	7
17131	Mercer	IL	Illinois	7
17133	Monroe	IL	Illinois	8
17135	Montgomery	IL	Illinois	8
17137	Morgan	IL	Illinois	8
17139	Moultrie	IL	Illinois	7
17141	Ogle	IL	Illinois	7
17143	Peoria	IL	Illinois	7
17145	Perry	IL	Illinois	8
17147	Piatt	IL	Illinois	7
17149	Pike	IL	Illinois	8
17151	Pope	IL	Illinois	8
17153	Pulaski	IL	Illinois	8
17155	Putnam	IL	Illinois	7
17157	Randolph	IL	Illinois	8
17159	Richland	IL	Illinois	8
17161	Rock Island	IL	Illinois	7
17163	Saint Clair	IL	Illinois	8
17165	Saline	IL	Illinois	8
17167	Sangamon	IL	Illinois	7
17169	Schuyler	IL	Illinois	7
17171	Scott	IL	Illinois	8
17173	Shelby	IL	Illinois	7
17175	Stark	IL	Illinois	7
17177	Stephenson	IL	Illinois	7
17179	Tazewell	IL	Illinois	7
17181	Union	IL	Illinois	8
17183	Vermilion	IL	Illinois	7
17185	Wabash	IL	Illinois	8
17187	Warren	IL	Illinois	7
17189	Washington	IL	Illinois	8
17191	Wayne	IL	Illinois	8
17193	White	IL	Illinois	8
17195	Whiteside	IL	Illinois	7
17197	Will	IL	Illinois	7
17199	Williamson	IL	Illinois	8
17201	Winnebago	IL	Illinois	7
17203	Woodford	IL	Illinois	7
18001	Adams	IN	Indiana	7
18003	Allen	IN	Indiana	7
18005	Bartholomew	IN	Indiana	7
18007	Benton	IN	Indiana	7
18009	Blackford	IN	Indiana	7
18011	Boone	IN	Indiana	7
18013	Brown	IN	Indiana	7
18015	Carroll	IN	Indiana	7
18017	Cass	IN	Indiana	7
18019	Clark	IN	Indiana	8
18021	Clay	IN	Indiana	7
18023	Clinton	IN	Indiana	7
18025	Crawford	IN	Indiana	8
18027	Daviess	IN	Indiana	8
18029	Dearborn	IN	Indiana	7
18031	Decatur	IN	Indiana	7
18033	DeKalb	IN	Indiana	7
18035	Delaware	IN	Indiana	7
18037	Dubois	IN	Indiana	8
18039	Elkhart	IN	Indiana	7
18041	Fayette	IN	Indiana	7
18043	Floyd	IN	Indiana	8
18045	Fountain	IN	Indiana	7
18047	Franklin	IN	Indiana	7
18049	Fulton	IN	Indiana	7
18051	Gibson	IN	Indiana	8
18053	Grant	IN	Indiana	7
18055	Greene	IN	Indiana	8
18057	Hamilton	IN	Indiana	7
18059	Hancock	IN	Indiana	7
18061	Harrison	IN	Indiana	8
18063	Hendricks	IN	Indiana	7
18065	Henry	IN	Indiana	7
18067	Howard	IN	Indiana	7
18069	Huntington	IN	Indiana	7
18071	Jackson	IN	Indiana	8
18073	Jasper	IN	Indiana	7
18075	Jay	IN	Indiana	7
18077	Jefferson	IN	Indiana	8
18079	Jennings	IN	Indiana	7
18081	Johnson	IN	Indiana	7
18083	Knox	IN	Indiana	8
18085	Kosciusko	IN	Indiana	7
18087	Lagrange	IN	Indiana	7
18089	Lake	IN	Indiana	7
18091	La Porte	IN	Indiana	7
18093	Lawrence	IN	Indiana	8
18095	Madison	IN	Indiana	7
18097	Marion	IN	Indiana	7
18099	Marshall	IN	Indiana	7
18101	Martin	IN	Indiana	8
18103	Miami	IN	Indiana	7
18105	Monroe	IN	Indiana	7
18107	Montgomery	IN	Indiana	7
18109	Morgan	IN	Indiana	7
18111	Newton	IN	Indiana	7
18113	Noble	IN	Indiana	7
18115	Ohio	IN	Indiana	7
18117	Orange	IN	Indiana	8
18119	Owen	IN	Indiana	7
18121	Parke	IN	Indiana	7
18123	Perry	IN	Indiana	8
18125	Pike	IN	Indiana	8
18127	Porter	IN	Indiana	7
18129	Posey	IN	Indiana	8
18131	Pulaski	IN	Indiana	7
18133	Putnam	IN	Indiana	7
18135	Randolph	IN	Indiana	7
18137	Ripley	IN	Indiana	7
18139	Rush	IN	Indiana	7
18141	St Joseph	IN	Indiana	7
18143	Scott	IN	Indiana	8
18145	Shelby	IN	Indiana	7
18147	Spencer	IN	Indiana	8
18149	Starke	IN	Indiana	7
18151	Steuben	IN	Indiana	7
18153	Sullivan	IN	Indiana	8
18155	Switzerland	IN	Indiana	8
18157	Tippecanoe	IN	Indiana	7
18159	Tipton	IN	Indiana	7
18161	Union	IN	Indiana	7
18163	Vanderburgh	IN	Indiana	8
18165	Vermillion	IN	Indiana	7
18167	Vigo	IN	Indiana	7
18169	Wabash	IN	Indiana	7
18171	Warren	IN	Indiana	7
18173	Warrick	IN	Indiana	8
18175	Washington	IN	Indiana	8
18177	Wayne	IN	Indiana	7
18179	Wells	IN	Indiana	7
18181	White	IN	Indiana	7
18183	Whitley	IN	Indiana	7
19001	Adair	IA	Iowa	7
19003	Adams	IA	Iowa	7
19005	Allamakee	IA	Iowa	7
19007	Appanoose	IA	Iowa	7
19009	Audubon	IA	Iowa	7
19011	Benton	IA	Iowa	7
19013	Black Hawk	IA	Iowa	7
19015	Boone	IA	Iowa	7
19017	Bremer	IA	Iowa	7
19019	Buchanan	IA	Iowa	7
19021	Buena Vista	IA	Iowa	7
19023	Butler	IA	Iowa	7
19025	Calhoun	IA	Iowa	7
19027	Carroll	IA	Iowa	7
19029	Cass	IA	Iowa	7
19031	Cedar	IA	Iowa	7
19033	Cerro Gordo	IA	Iowa	7
19035	Cherokee	IA	Iowa	7
19037	Chickasaw	IA	Iowa	7
19039	Clarke	IA	Iowa	7
19041	Clay	IA	Iowa	7
19043	Clayton	IA	Iowa	7
19045	Clinton	IA	Iowa	7
19047	Crawford	IA	Iowa	7
19049	Dallas	IA	Iowa	7
19051	Davis	IA	Iowa	7
19053	Decatur	IA	Iowa	7
19055	Delaware	IA	Iowa	7
19057	Des Moines	IA	Iowa	7
19059	Dickinson	IA	Iowa	7
19061	Dubuque	IA	Iowa	7
19063	Emmet	IA	Iowa	7
19065	Fayette	IA	Iowa	7
19067	Floyd	IA	Iowa	7
19069	Franklin	IA	Iowa	7
19071	Fremont	IA	Iowa	7
19073	Greene	IA	Iowa	7
19075	Grundy	IA	Iowa	7
19077	Guthrie	IA	Iowa	7
19079	Hamilton	IA	Iowa	7
19081	Hancock	IA	Iowa	7
19083	Hardin	IA	Iowa	7
19085	Harrison	IA	Iowa	7
19087	Henry	IA	Iowa	7
19089	Howard	IA	Iowa	7
19091	Humboldt	IA	Iowa	7
19093	Ida	IA	Iowa	7
19095	Iowa	IA	Iowa	7
19097	Jackson	IA	Iowa	7
19099	Jasper	IA	Iowa	7
19101	Jefferson	IA	Iowa	7
19103	Johnson	IA	Iowa	7
19105	Jones	IA	Iowa	7
19107	Keokuk	IA	Iowa	7
19109	Kossuth	IA	Iowa	7
19111	Lee	IA	Iowa	7
19113	Linn	IA	Iowa	7
19115	Louisa	IA	Iowa	7
19117	Lucas	IA	Iowa	7
19119	Lyon	IA	Iowa	7
19121	Madison	IA	Iowa	7
19123	Mahaska	IA	Iowa	7
19125	Marion	IA	Iowa	7
19127	Marshall	IA	Iowa	7
19129	Mills	IA	Iowa	7
19131	Mitchell	IA	Iowa	7
19133	Monona	IA	Iowa	7
19135	Monroe	IA	Iowa	7
19137	Montgomery	IA	Iowa	7
19139	Muscatine	IA	Iowa	7
19141	Obrien	IA	Iowa	7
19143	Osceola	IA	Iowa	7
19145	Page	IA	Iowa	7
19147	Palo Alto	IA	Iowa	7
19149	Plymouth	IA	Iowa	7
19151	Pocahontas	IA	Iowa	7
19153	Polk	IA	Iowa	7
19155	Pottawattamie	IA	Iowa	7
19157	Poweshiek	IA	Iowa	7
19159	Ringgold	IA	Iowa	7
19161	Sac	IA	Iowa	7
19163	Scott	IA	Iowa	7
19165	Shelby	IA	Iowa	7
19167	Sioux	IA	Iowa	7
19169	Story	IA	Iowa	7
19171	Tama	IA	Iowa	7
19173	Taylor	IA	Iowa	7
19175	Union	IA	Iowa	7
19177	Van Buren	IA	Iowa	7
19179	Wapello	IA	Iowa	7
19181	Warren	IA	Iowa	7
19183	Washington	IA	Iowa	7
19185	Wayne	IA	Iowa	7
19187	Webster	IA	Iowa	7
19189	Winnebago	IA	Iowa	7
19191	Winneshiek	IA	Iowa	7
19193	Woodbury	IA	Iowa	7
19195	Worth	IA	Iowa	7
19197	Wright	IA	Iowa	7
20001	Allen	KS	Kansas	10
20003	Anderson	KS	Kansas	10
20005	Atchison	KS	Kansas	10
20007	Barber	KS	Kansas	10
20009	Barton	KS	Kansas	10
20011	Bourbon	KS	Kansas	10
20013	Brown	KS	Kansas	10
20015	Butler	KS	Kansas	10
20017	Chase	KS	Kansas	10
20019	Chautauqua	KS	Kansas	10
20021	Cherokee	KS	Kansas	10
20023	Cheyenne	KS	Kansas	10
20025	Clark	KS	Kansas	10
20027	Clay	KS	Kansas	10
20029	Cloud	KS	Kansas	10
20031	Coffey	KS	Kansas	10
20033	Comanche	KS	Kansas	10
20035	Cowley	KS	Kansas	10
20037	Crawford	KS	Kansas	10
20039	Decatur	KS	Kansas	10
20041	Dickinson	KS	Kansas	10
20043	Doniphan	KS	Kansas	10
20045	Douglas	KS	Kansas	10
20047	Edwards	KS	Kansas	10
20049	Elk	KS	Kansas	10
20051	Ellis	KS	Kansas	10
20053	Ellsworth	KS	Kansas	10
20055	Finney	KS	Kansas	10
20057	Ford	KS	Kansas	10
20059	Franklin	KS	Kansas	10
20061	Geary	KS	Kansas	10
20063	Gove	KS	Kansas	10
20065	Graham	KS	Kansas	10
20067	Grant	KS	Kansas	10
20069	Gray	KS	Kansas	10
20071	Greeley	KS	Kansas	10
20073	Greenwood	KS	Kansas	10
20075	Hamilton	KS	Kansas	10
20077	Harper	KS	Kansas	10
20079	Harvey	KS	Kansas	10
20081	Haskell	KS	Kansas	10
20083	Hodgeman	KS	Kansas	10
20085	Jackson	KS	Kansas	10
20087	Jefferson	KS	Kansas	10
20089	Jewell	KS	Kansas	10
20091	Johnson	KS	Kansas	10
20093	Kearny	KS	Kansas	10
20095	Kingman	KS	Kansas	10
20097	Kiowa	KS	Kansas	10
20099	Labette	KS	Kansas	10
20101	Lane	KS	Kansas	10
20103	Leavenworth	KS	Kansas	10
20105	Lincoln	KS	Kansas	10
20107	Linn	KS	Kansas	10
20109	Logan	KS	Kansas	10
20111	Lyon	KS	Kansas	10
20113	McPherson	KS	Kansas	10
20115	Marion	KS	Kansas	10
20117	Marshall	KS	Kansas	10
20119	Meade	KS	Kansas	10
20121	Miami	KS	Kansas	10
20123	Mitchell	KS	Kansas	10
20125	Montgomery	KS	Kansas	10
20127	Morris	KS	Kansas	10
20129	Morton	KS	Kansas	10
20131	Nemaha	KS	Kansas	10
20133	Neosho	KS	Kansas	10
20135	Ness	KS	Kansas	10
20137	Norton	KS	Kansas	10
20139	Osage	KS	Kansas	10
20141	Osborne	KS	Kansas	10
20143	Ottawa	KS	Kansas	10
20145	Pawnee	KS	Kansas	10
20147	Phillips	KS	Kansas	10
20149	Pottawatomie	KS	Kansas	10
20151	Pratt	KS	Kansas	10
20153	Rawlins	KS	Kansas	10
20155	Reno	KS	Kansas	10
20157	Republic	KS	Kansas	10
20159	Rice	KS	Kansas	10
20161	Riley	KS	Kansas	10
20163	Rooks	KS	Kansas	10
20165	Rush	KS	Kansas	10
20167	Russell	KS	Kansas	10
20169	Saline	KS	Kansas	10
20171	Scott	KS	Kansas	10
20173	Sedgwick	KS	Kansas	10
20175	Seward	KS	Kansas	10
20177	Shawnee	KS	Kansas	10
20179	Sheridan	KS	Kansas	10
20181	Sherman	KS	Kansas	10
20183	Smith	KS	Kansas	10
20185	Stafford	KS	Kansas	10
20187	Stanton	KS	Kansas	10
20189	Stevens	KS	Kansas	10
20191	Sumner	KS	Kansas	10
20193	Thomas	KS	Kansas	10
20195	Trego	KS	Kansas	10
20197	Wabaunsee	KS	Kansas	10
20199	Wallace	KS	Kansas	10
20201	Washington	KS	Kansas	10
20203	Wichita	KS	Kansas	10
20205	Wilson	KS	Kansas	10
20207	Woodson	KS	Kansas	10
20209	Wyandotte	KS	Kansas	10
21001	Adair	KY	Kentucky	8
21003	Allen	KY	Kentucky	8
21005	Anderson	KY	Kentucky	8
21007	Ballard	KY	Kentucky	8
21009	Barren	KY	Kentucky	8
21011	Bath	KY	Kentucky	4
21013	Bell	KY	Kentucky	4
21015	Boone	KY	Kentucky	4
21017	Bourbon	KY	Kentucky	4
21019	Boyd	KY	Kentucky	4
21021	Boyle	KY	Kentucky	8
21023	Bracken	KY	Kentucky	4
21025	Breathitt	KY	Kentucky	4
21027	Breckinridge	KY	Kentucky	8
21029	Bullitt	KY	Kentucky	8
21031	Butler	KY	Kentucky	8
21033	Caldwell	KY	Kentucky	8
21035	Calloway	KY	Kentucky	8
21037	Campbell	KY	Kentucky	4
21039	Carlisle	KY	Kentucky	8
21041	Carroll	KY	Kentucky	8
21043	Carter	KY	Kentucky	4
21045	Casey	KY	Kentucky	8
21047	Christian	KY	Kentucky	8
21049	Clark	KY	Kentucky	4
21051	Clay	KY	Kentucky	4
21053	Clinton	KY	Kentucky	8
21055	Crittenden	KY	Kentucky	8
21057	Cumberland	KY	Kentucky	8
21059	Daviess	KY	Kentucky	8
21061	Edmonson	KY	Kentucky	8
21063	Elliott	KY	Kentucky	4
21065	Estill	KY	Kentucky	4
21067	Fayette	KY	Kentucky	4
21069	Fleming	KY	Kentucky	4
21071	Floyd	KY	Kentucky	4
21073	Franklin	KY	Kentucky	8
21075	Fulton	KY	Kentucky	8
21077	Gallatin	KY	Kentucky	8
21079	Garrard	KY	Kentucky	4
21081	Grant	KY	Kentucky	4
21083	Graves	KY	Kentucky	8
21085	Grayson	KY	Kentucky	8
21087	Green	KY	Kentucky	8
21089	Greenup	KY	Kentucky	4
21091	Hancock	KY	Kentucky	8
21093	Hardin	KY	Kentucky	8
21095	Harlan	KY	Kentucky	4
21097	Harrison	KY	Kentucky	4
21099	Hart	KY	Kentucky	8
21101	Henderson	KY	Kentucky	8
21103	Henry	KY	Kentucky	8
21105	Hickman	KY	Kentucky	8
21107	Hopkins	KY	Kentucky	8
21109	Jackson	KY	Kentucky	4
21111	Jefferson	KY	Kentucky	8
21113	Jessamine	KY	Kentucky	4
21115	Johnson	KY	Kentucky	4
21117	Kenton	KY	Kentucky	4
21119	Knott	KY	Kentucky	4
21121	Knox	KY	Kentucky	4
21123	Larue	KY	Kentucky	8
21125	Laurel	KY	Kentucky	4
21127	Lawrence	KY	Kentucky	4
21129	Lee	KY	Kentucky	4
21131	Leslie	KY	Kentucky	4
21133	Letcher	KY	Kentucky	4
21135	Lewis	KY	Kentucky	4
21137	Lincoln	KY	Kentucky	4
21139	Livingston	KY	Kentucky	8
21141	Logan	KY	Kentucky	8
21143	Lyon	KY	Kentucky	8
21145	McCracken	KY	Kentucky	8
21147	McCreary	KY	Kentucky	4
21149	McLean	KY	Kentucky	8
21151	Madison	KY	Kentucky	4
21153	Magoffin	KY	Kentucky	4
21155	Marion	KY	Kentucky	8
21157	Marshall	KY	Kentucky	8
21159	Martin	KY	Kentucky	4
21161	Mason	KY	Kentucky	4
21163	Meade	KY	Kentucky	8
21165	Menifee	KY	Kentucky	4
21167	Mercer	KY	Kentucky	8
21169	Metcalfe	KY	Kentucky	8
21171	Monroe	KY	Kentucky	8
21173	Montgomery	KY	Kentucky	4
21175	Morgan	KY	Kentucky	4
21177	Muhlenberg	KY	Kentucky	8
21179	Nelson	KY	Kentucky	8
21181	Nicholas	KY	Kentucky	4
21183	Ohio	KY	Kentucky	8
21185	Oldham	KY	Kentucky	8
21187	Owen	KY	Kentucky	8
21189	Owsley	KY	Kentucky	4
21191	Pendleton	KY	Kentucky	4
21193	Perry	KY	Kentucky	4
21195	Pike	KY	Kentucky	4
21197	Powell	KY	Kentucky	4
21199	Pulaski	KY	Kentucky	4
21201	Robertson	KY	Kentucky	4
21203	Rockcastle	KY	Kentucky	4
21205	Rowan	KY	Kentucky	4
21207	Russell	KY	Kentucky	8
21209	Scott	KY	Kentucky	4
21211	Shelby	KY	Kentucky	8
21213	Simpson	KY	Kentucky	8
21215	Spencer	KY	Kentucky	8
21217	Taylor	KY	Kentucky	8
21219	Todd	KY	Kentucky	8
21221	Trigg	KY	Kentucky	8
21223	Trimble	KY	Kentucky	8
21225	Union	KY	Kentucky	8
21227	Warren	KY	Kentucky	8
21229	Washington	KY	Kentucky	8
21231	Wayne	KY	Kentucky	8
21233	Webster	KY	Kentucky	8
21235	Whitley	KY	Kentucky	4
21237	Wolfe	KY	Kentucky	4
21239	Woodford	KY	Kentucky	4
22001	Acadia	LA	Louisiana	6
22003	Allen	LA	Louisiana	6
22005	Ascension	LA	Louisiana	6
22007	Assumption	LA	Louisiana	6
22009	Avoyelles	LA	Louisiana	6
22011	Beauregard	LA	Louisiana	6
22013	Bienville	LA	Louisiana	11
22015	Bossier	LA	Louisiana	11
22017	Caddo	LA	Louisiana	11
22019	Calcasieu	LA	Louisiana	6
22021	Caldwell	LA	Louisiana	11
22023	Cameron	LA	Louisiana	6
22025	Catahoula	LA	Louisiana	11
22027	Claiborne	LA	Louisiana	11
22029	Concordia	LA	Louisiana	11
22031	De Soto	LA	Louisiana	11
22033	East Baton Rouge	LA	Louisiana	6
22035	East Carroll	LA	Louisiana	11
22037	East Feliciana	LA	Louisiana	6
22039	Evangeline	LA	Louisiana	6
22041	Franklin	LA	Louisiana	11
22043	Grant	LA	Louisiana	11
22045	Iberia	LA	Louisiana	6
22047	Iberville	LA	Louisiana	6
22049	Jackson	LA	Louisiana	11
22051	Jefferson	LA	Louisiana	6
22053	Jefferson Davis	LA	Louisiana	6
22055	Lafayette	LA	Louisiana	6
22057	Lafourche	LA	Louisiana	6
22059	La Salle	LA	Louisiana	11
22061	Lincoln	LA	Louisiana	11
22063	Livingston	LA	Louisiana	6
22065	Madison	LA	Louisiana	11
22067	Morehouse	LA	Louisiana	11
22069	Natchitoches	LA	Louisiana	11
22071	Orleans	LA	Louisiana	6
22073	Ouachita	LA	Louisiana	11
22075	Plaquemines	LA	Louisiana	6
22077	Pointe Coupee	LA	Louisiana	6
22079	Rapides	LA	Louisiana	6
22081	Red River	LA	Louisiana	11
22083	Richland	LA	Louisiana	11
22085	Sabine	LA	Louisiana	11
22087	Saint Bernard	LA	Louisiana	6
22089	Saint Charles	LA	Louisiana	6
22091	Saint Helena	LA	Louisiana	6
22093	Saint James	LA	Louisiana	6
22095	St John the Baptist	LA	Louisiana	6
22097	Saint Landry	LA	Louisiana	6
22099	Saint Martin	LA	Louisiana	6
22101	Saint Mary	LA	Louisiana	6
22103	Saint Tammany	LA	Louisiana	6
22105	Tangipahoa	LA	Louisiana	6
22107	Tensas	LA	Louisiana	11
22109	Terrebonne	LA	Louisiana	6
22111	Union	LA	Louisiana	11
22113	Vermilion	LA	Louisiana	6
22115	Vernon	LA	Louisiana	6
22117	Washington	LA	Louisiana	6
22119	Webster	LA	Louisiana	11
22121	West Baton Rouge	LA	Louisiana	6
22123	West Carroll	LA	Louisiana	11
22125	West Feliciana	LA	Louisiana	6
22127	Winn	LA	Louisiana	11
23001	Androscoggin	ME	Maine	1
23003	Aroostook	ME	Maine	1
23005	Cumberland	ME	Maine	1
23007	Franklin	ME	Maine	1
23009	Hancock	ME	Maine	1
23011	Kennebec	ME	Maine	1
23013	Knox	ME	Maine	1
23015	Lincoln	ME	Maine	1
23017	Oxford	ME	Maine	1
23019	Penobscot	ME	Maine	1
23021	Piscataquis	ME	Maine	1
23023	Sagadahoc	ME	Maine	1
23025	Somerset	ME	Maine	1
23027	Waldo	ME	Maine	1
23029	Washington	ME	Maine	1
23031	York	ME	Maine	1
24001	Allegany	MD	Maryland	5
24003	Anne Arundel	MD	Maryland	5
24005	Baltimore	MD	Maryland	5
24009	Calvert	MD	Maryland	5
24011	Caroline	MD	Maryland	5
24013	Carroll	MD	Maryland	5
24015	Cecil	MD	Maryland	5
24017	Charles	MD	Maryland	5
24019	Dorchester	MD	Maryland	5
24021	Frederick	MD	Maryland	5
24023	Garrett	MD	Maryland	5
24025	Harford	MD	Maryland	5
24027	Howard	MD	Maryland	5
24029	Kent	MD	Maryland	5
24031	Montgomery	MD	Maryland	5
24033	Prince Georges	MD	Maryland	5
24035	Queen Annes	MD	Maryland	5
24037	Saint Marys	MD	Maryland	5
24039	Somerset	MD	Maryland	5
24041	Talbot	MD	Maryland	5
24043	Washington	MD	Maryland	5
24045	Wicomico	MD	Maryland	5
24047	Worcester	MD	Maryland	5
24510	Baltimore City	MD	Maryland	5
25001	Barnstable	MA	Massachusetts	1
25003	Berkshire	MA	Massachusetts	1
25005	Bristol	MA	Massachusetts	1
25007	Dukes	MA	Massachusetts	1
25009	Essex	MA	Massachusetts	1
25011	Franklin	MA	Massachusetts	1
25013	Hampden	MA	Massachusetts	1
25015	Hampshire	MA	Massachusetts	1
25017	Middlesex	MA	Massachusetts	1
25019	Nantucket	MA	Massachusetts	1
25021	Norfolk	MA	Massachusetts	1
25023	Plymouth	MA	Massachusetts	1
25025	Suffolk	MA	Massachusetts	1
25027	Worcester	MA	Massachusetts	1
26001	Alcona	MI	Michigan	7
26003	Alger	MI	Michigan	9
26005	Allegan	MI	Michigan	7
26007	Alpena	MI	Michigan	7
26009	Antrim	MI	Michigan	7
26011	Arenac	MI	Michigan	7
26013	Baraga	MI	Michigan	9
26015	Barry	MI	Michigan	7
26017	Bay	MI	Michigan	7
26019	Benzie	MI	Michigan	7
26021	Berrien	MI	Michigan	7
26023	Branch	MI	Michigan	7
26025	Calhoun	MI	Michigan	7
26027	Cass	MI	Michigan	7
26029	Charlevoix	MI	Michigan	7
26031	Cheboygan	MI	Michigan	7
26033	Chippewa	MI	Michigan	9
26035	Clare	MI	Michigan	7
26037	Clinton	MI	Michigan	7
26039	Crawford	MI	Michigan	7
26041	Delta	MI	Michigan	9
26043	Dickinson	MI	Michigan	9
26045	Eaton	MI	Michigan	7
26047	Emmet	MI	Michigan	7
26049	Genesee	MI	Michigan	7
26051	Gladwin	MI	Michigan	7
26053	Gogebic	MI	Michigan	9
26055	Grand Traverse	MI	Michigan	7
26057	Gratiot	MI	Michigan	7
26059	Hillsdale	MI	Michigan	7
26061	Houghton	MI	Michigan	9
26063	Huron	MI	Michigan	7
26065	Ingham	MI	Michigan	7
26067	Ionia	MI	Michigan	7
26069	Iosco	MI	Michigan	7
26071	Iron	MI	Michigan	9
26073	Isabella	MI	Michigan	7
26075	Jackson	MI	Michigan	7
26077	Kalamazoo	MI	Michigan	7
26079	Kalkaska	MI	Michigan	7
26081	Kent	MI	Michigan	7
26083	Keweenaw	MI	Michigan	9
26085	Lake	MI	Michigan	7
26087	Lapeer	MI	Michigan	7
26089	Leelanau	MI	Michigan	7
26091	Lenawee	MI	Michigan	7
26093	Livingston	MI	Michigan	7
26095	Luce	MI	Michigan	9
26097	Mackinac	MI	Michigan	9
26099	Macomb	MI	Michigan	7
26101	Manistee	MI	Michigan	7
26103	Marquette	MI	Michigan	9
26105	Mason	MI	Michigan	7
26107	Mecosta	MI	Michigan	7
26109	Menominee	MI	Michigan	9
26111	Midland	MI	Michigan	7
26113	Missaukee	MI	Michigan	7
26115	Monroe	MI	Michigan	7
26117	Montcalm	MI	Michigan	7
26119	Montmorency	MI	Michigan	7
26121	Muskegon	MI	Michigan	7
26123	Newaygo	MI	Michigan	7
26125	Oakland	MI	Michigan	7
26127	Oceana	MI	Michigan	7
26129	Ogemaw	MI	Michigan	7
26131	Ontonagon	MI	Michigan	9
26133	Osceola	MI	Michigan	7
26135	Oscoda	MI	Michigan	7
26137	Otsego	MI	Michigan	7
26139	Ottawa	MI	Michigan	7
26141	Presque Isle	MI	Michigan	7
26143	Roscommon	MI	Michigan	7
26145	Saginaw	MI	Michigan	7
26147	Saint Clair	MI	Michigan	7
26149	Saint Joseph	MI	Michigan	7
26151	Sanilac	MI	Michigan	7
26153	Schoolcraft	MI	Michigan	9
26155	Shiawassee	MI	Michigan	7
26157	Tuscola	MI	Michigan	7
26159	Van Buren	MI	Michigan	7
26161	Washtenaw	MI	Michigan	7
26163	Wayne	MI	Michigan	7
26165	Wexford	MI	Michigan	7
27001	Aitkin	MN	Minnesota	9
27003	Anoka	MN	Minnesota	9
27005	Becker	MN	Minnesota	9
27007	Beltrami	MN	Minnesota	9
27009	Benton	MN	Minnesota	9
27011	Big Stone	MN	Minnesota	9
27013	Blue Earth	MN	Minnesota	9
27015	Brown	MN	Minnesota	9
27017	Carlton	MN	Minnesota	9
27019	Carver	MN	Minnesota	9
27021	Cass	MN	Minnesota	9
27023	Chippewa	MN	Minnesota	9
27025	Chisago	MN	Minnesota	9
27027	Clay	MN	Minnesota	9
27029	Clearwater	MN	Minnesota	9
27031	Cook	MN	Minnesota	9
27033	Cottonwood	MN	Minnesota	9
27035	Crow Wing	MN	Minnesota	9
27037	Dakota	MN	Minnesota	9
27039	Dodge	MN	Minnesota	9
27041	Douglas	MN	Minnesota	9
27043	Faribault	MN	Minnesota	9
27045	Fillmore	MN	Minnesota	9
27047	Freeborn	MN	Minnesota	9
27049	Goodhue	MN	Minnesota	9
27051	Grant	MN	Minnesota	9
27053	Hennepin	MN	Minnesota	9
27055	Houston	MN	Minnesota	9
27057	Hubbard	MN	Minnesota	9
27059	Isanti	MN	Minnesota	9
27061	Itasca	MN	Minnesota	9
27063	Jackson	MN	Minnesota	9
27065	Kanabec	MN	Minnesota	9
27067	Kandiyohi	MN	Minnesota	9
27069	Kittson	MN	Minnesota	9
27071	Koochiching	MN	Minnesota	9
27073	Lac Qui Parle	MN	Minnesota	9
27075	Lake	MN	Minnesota	9
27077	Lake of the Woods	MN	Minnesota	9
27079	Le Sueur	MN	Minnesota	9
27081	Lincoln	MN	Minnesota	9
27083	Lyon	MN	Minnesota	9
27085	McLeod	MN	Minnesota	9
27087	Mahnomen	MN	Minnesota	9
27089	Marshall	MN	Minnesota	9
27091	Martin	MN	Minnesota	9
27093	Meeker	MN	Minnesota	9
27095	Mille Lacs	MN	Minnesota	9
27097	Morrison	MN	Minnesota	9
27099	Mower	MN	Minnesota	9
27101	Murray	MN	Minnesota	9
27103	Nicollet	MN	Minnesota	9
27105	Nobles	MN	Minnesota	9
27107	Norman	MN	Minnesota	9
27109	Olmsted	MN	Minnesota	9
27111	Otter Tail	MN	Minnesota	9
27113	Pennington	MN	Minnesota	9
27115	Pine	MN	Minnesota	9
27117	Pipestone	MN	Minnesota	9
27119	Polk	MN	Minnesota	9
27121	Pope	MN	Minnesota	9
27123	Ramsey	MN	Minnesota	9
27125	Red Lake	MN	Minnesota	9
27127	Redwood	MN	Minnesota	9
27129	Renville	MN	Minnesota	9
27131	Rice	MN	Minnesota	9
27133	Rock	MN	Minnesota	9
27135	Roseau	MN	Minnesota	9
27137	Saint Louis	MN	Minnesota	9
27139	Scott	MN	Minnesota	9
27141	Sherburne	MN	Minnesota	9
27143	Sibley	MN	Minnesota	9
27145	Stearns	MN	Minnesota	9
27147	Steele	MN	Minnesota	9
27149	Stevens	MN	Minnesota	9
27151	Swift	MN	Minnesota	9
27153	Todd	MN	Minnesota	9
27155	Traverse	MN	Minnesota	9
27157	Wabasha	MN	Minnesota	9
27159	Wadena	MN	Minnesota	9
27161	Waseca	MN	Minnesota	9
27163	Washington	MN	Minnesota	9
27165	Watonwan	MN	Minnesota	9
27167	Wilkin	MN	Minnesota	9
27169	Winona	MN	Minnesota	9
27171	Wright	MN	Minnesota	9
27173	Yellow Medicine	MN	Minnesota	9
28001	Adams	MS	Mississippi	6
28003	Alcorn	MS	Mississippi	8
28005	Amite	MS	Mississippi	6
28007	Attala	MS	Mississippi	8
28009	Benton	MS	Mississippi	8
28011	Bolivar	MS	Mississippi	8
28013	Calhoun	MS	Mississippi	8
28015	Carroll	MS	Mississippi	8
28017	Chickasaw	MS	Mississippi	8
28019	Choctaw	MS	Mississippi	8
28021	Claiborne	MS	Mississippi	6
28023	Clarke	MS	Mississippi	6
28025	Clay	MS	Mississippi	8
28027	Coahoma	MS	Mississippi	8
28029	Copiah	MS	Mississippi	6
28031	Covington	MS	Mississippi	6
28033	De Soto	MS	Mississippi	8
28035	Forrest	MS	Mississippi	6
28037	Franklin	MS	Mississippi	6
28039	George	MS	Mississippi	6
28041	Greene	MS	Mississippi	6
28043	Grenada	MS	Mississippi	8
28045	Hancock	MS	Mississippi	6
28047	Harrison	MS	Mississippi	6
28049	Hinds	MS	Mississippi	6
28051	Holmes	MS	Mississippi	8
28053	Humphreys	MS	Mississippi	8
28055	Issaquena	MS	Mississippi	6
28057	Itawamba	MS	Mississippi	8
28059	Jackson	MS	Mississippi	6
28061	Jasper	MS	Mississippi	6
28063	Jefferson	MS	Mississippi	6
28065	Jefferson Davis	MS	Mississippi	6
28067	Jones	MS	Mississippi	6
28069	Kemper	MS	Mississippi	6
28071	Lafayette	MS	Mississippi	8
28073	Lamar	MS	Mississippi	6
28075	Lauderdale	MS	Mississippi	6
28077	Lawrence	MS	Mississippi	6
28079	Leake	MS	Mississippi	6
28081	Lee	MS	Mississippi	8
28083	Leflore	MS	Mississippi	8
28085	Lincoln	MS	Mississippi	6
28087	Lowndes	MS	Mississippi	8
28089	Madison	MS	Mississippi	6
28091	Marion	MS	Mississippi	6
28093	Marshall	MS	Mississippi	8
28095	Monroe	MS	Mississippi	8
28097	Montgomery	MS	Mississippi	8
28099	Neshoba	MS	Mississippi	6
28101	Newton	MS	Mississippi	6
28103	Noxubee	MS	Mississippi	8
28105	Oktibbeha	MS	Mississippi	8
28107	Panola	MS	Mississippi	8
28109	Pearl River	MS	Mississippi	6
28111	Perry	MS	Mississippi	6
28113	Pike	MS	Mississippi	6
28115	Pontotoc	MS	Mississippi	8
28117	Prentiss	MS	Mississippi	8
28119	Quitman	MS	Mississippi	8
28121	Rankin	MS	Mississippi	6
28123	Scott	MS	Mississippi	6
28125	Sharkey	MS	Mississippi	6
28127	Simpson	MS	Mississippi	6
28129	Smith	MS	Mississippi	6
28131	Stone	MS	Mississippi	6
28133	Sunflower	MS	Mississippi	8
28135	Tallahatchie	MS	Mississippi	8
28137	Tate	MS	Mississippi	8
28139	Tippah	MS	Mississippi	8
28141	Tishomingo	MS	Mississippi	8
28143	Tunica	MS	Mississippi	8
28145	Union	MS	Mississippi	8
28147	Walthall	MS	Mississippi	6
28149	Warren	MS	Mississippi	6
28151	Washington	MS	Mississippi	8
28153	Wayne	MS	Mississippi	6
28155	Webster	MS	Mississippi	8
28157	Wilkinson	MS	Mississippi	6
28159	Winston	MS	Mississippi	8
28161	Yalobusha	MS	Mississippi	8
28163	Yazoo	MS	Mississippi	6
29001	Adair	MO	Missouri	8
29003	Andrew	MO	Missouri	10
29005	Atchison	MO	Missouri	10
29007	Audrain	MO	Missouri	8
29009	Barry	MO	Missouri	8
29011	Barton	MO	Missouri	10
29013	Bates	MO	Missouri	10
29015	Benton	MO	Missouri	10
29017	Bollinger	MO	Missouri	8
29019	Boone	MO	Missouri	8
29021	Buchanan	MO	Missouri	10
29023	Butler	MO	Missouri	8
29025	Caldwell	MO	Missouri	10
29027	Callaway	MO	Missouri	8
29029	Camden	MO	Missouri	8
29031	Cape Girardeau	MO	Missouri	8
29033	Carroll	MO	Missouri	10
29035	Carter	MO	Missouri	8
29037	Cass	MO	Missouri	10
29039	Cedar	MO	Missouri	10
29041	Chariton	MO	Missouri	10
29043	Christian	MO	Missouri	8
29045	Clark	MO	Missouri	8
29047	Clay	MO	Missouri	10
29049	Clinton	MO	Missouri	10
29051	Cole	MO	Missouri	8
29053	Cooper	MO	Missouri	10
29055	Crawford	MO	Missouri	8
29057	Dade	MO	Missouri	8
29059	Dallas	MO	Missouri	8
29061	Daviess	MO	Missouri	10
29063	DeKalb	MO	Missouri	10
29065	Dent	MO	Missouri	8
29067	Douglas	MO	Missouri	8
29069	Dunklin	MO	Missouri	8
29071	Franklin	MO	Missouri	8
29073	Gasconade	MO	Missouri	8
29075	Gentry	MO	Missouri	10
29077	Greene	MO	Missouri	8
29079	Grundy	MO	Missouri	10
29081	Harrison	MO	Missouri	10
29083	Henry	MO	Missouri	10
29085	Hickory	MO	Missouri	10
29087	Holt	MO	Missouri	10
29089	Howard	MO	Missouri	10
29091	Howell	MO	Missouri	8
29093	Iron	MO	Missouri	8
29095	Jackson	MO	Missouri	10
29097	Jasper	MO	Missouri	10
29099	Jefferson	MO	Missouri	8
29101	Johnson	MO	Missouri	10
29103	Knox	MO	Missouri	8
29105	Laclede	MO	Missouri	8
29107	Lafayette	MO	Missouri	10
29109	Lawrence	MO	Missouri	8
29111	Lewis	MO	Missouri	8
29113	Lincoln	MO	Missouri	8
29115	Linn	MO	Missouri	10
29117	Livingston	MO	Missouri	10
29119	McDonald	MO	Missouri	10
29121	Macon	MO	Missouri	8
29123	Madison	MO	Missouri	8
29125	Maries	MO	Missouri	8
29127	Marion	MO	Missouri	8
29129	Mercer	MO	Missouri	10
29131	Miller	MO	Missouri	8
29133	Mississippi	MO	Missouri	8
29135	Moniteau	MO	Missouri	8
29137	Monroe	MO	Missouri	8
29139	Montgomery	MO	Missouri	8
29141	Morgan	MO	Missouri	10
29143	New Madrid	MO	Missouri	8
29145	Newton	MO	Missouri	10
29147	Nodaway	MO	Missouri	10
29149	Oregon	MO	Missouri	8
29151	Osage	MO	Missouri	8
29153	Ozark	MO	Missouri	8
29155	Pemiscot	MO	Missouri	8
29157	Perry	MO	Missouri	8
29159	Pettis	MO	Missouri	10
29161	Phelps	MO	Missouri	8
29163	Pike	MO	Missouri	8
29165	Platte	MO	Missouri	10
29167	Polk	MO	Missouri	8
29169	Pulaski	MO	Missouri	8
29171	Putnam	MO	Missouri	10
29173	Ralls	MO	Missouri	8
29175	Randolph	MO	Missouri	8
29177	Ray	MO	Missouri	10
29179	Reynolds	MO	Missouri	8
29181	Ripley	MO	Missouri	8
29183	Saint Charles	MO	Missouri	8
29185	Saint Clair	MO	Missouri	10
29186	Sainte Genevieve	MO	Missouri	8
29187	Saint Francois	MO	Missouri	8
29189	Saint Louis	MO	Missouri	8
29195	Saline	MO	Missouri	10
29197	Schuyler	MO	Missouri	8
29199	Scotland	MO	Missouri	8
29201	Scott	MO	Missouri	8
29203	Shannon	MO	Missouri	8
29205	Shelby	MO	Missouri	8
29207	Stoddard	MO	Missouri	8
29209	Stone	MO	Missouri	8
29211	Sullivan	MO	Missouri	10
29213	Taney	MO	Missouri	8
29215	Texas	MO	Missouri	8
29217	Vernon	MO	Missouri	10
29219	Warren	MO	Missouri	8
29221	Washington	MO	Missouri	8
29223	Wayne	MO	Missouri	8
29225	Webster	MO	Missouri	8
29227	Worth	MO	Missouri	10
29229	Wright	MO	Missouri	8
29510	Saint Louis City	MO	Missouri	8
30001	Beaverhead	MT	Montana	9
30003	Big Horn	MT	Montana	9
30005	Blaine	MT	Montana	9
30007	Broadwater	MT	Montana	9
30009	Carbon	MT	Montana	9
30011	Carter	MT	Montana	9
30013	Cascade	MT	Montana	9
30015	Chouteau	MT	Montana	9
30017	Custer	MT	Montana	9
30019	Daniels	MT	Montana	9
30021	Dawson	MT	Montana	9
30023	Deer Lodge	MT	Montana	9
30025	Fallon	MT	Montana	9
30027	Fergus	MT	Montana	9
30029	Flathead	MT	Montana	9
30031	Gallatin	MT	Montana	9
30033	Garfield	MT	Montana	9
30035	Glacier	MT	Montana	9
30037	Golden Valley	MT	Montana	9
30039	Granite	MT	Montana	9
30041	Hill	MT	Montana	9
30043	Jefferson	MT	Montana	9
30045	Judith Basin	MT	Montana	9
30047	Lake	MT	Montana	9
30049	Lewis and Clark	MT	Montana	9
30051	Liberty	MT	Montana	9
30053	Lincoln	MT	Montana	9
30055	McCone	MT	Montana	9
30057	Madison	MT	Montana	9
30059	Meagher	MT	Montana	9
30061	Mineral	MT	Montana	9
30063	Missoula	MT	Montana	9
30065	Musselshell	MT	Montana	9
30067	Park	MT	Montana	9
30069	Petroleum	MT	Montana	9
30071	Phillips	MT	Montana	9
30073	Pondera	MT	Montana	9
30075	Powder River	MT	Montana	9
30077	Powell	MT	Montana	9
30079	Prairie	MT	Montana	9
30081	Ravalli	MT	Montana	9
30083	Richland	MT	Montana	9
30085	Roosevelt	MT	Montana	9
30087	Rosebud	MT	Montana	9
30089	Sanders	MT	Montana	9
30091	Sheridan	MT	Montana	9
30093	Silver Bow	MT	Montana	9
30095	Stillwater	MT	Montana	9
30097	Sweet Grass	MT	Montana	9
30099	Teton	MT	Montana	9
30101	Toole	MT	Montana	9
30103	Treasure	MT	Montana	9
30105	Valley	MT	Montana	9
30107	Wheatland	MT	Montana	9
30109	Wibaux	MT	Montana	9
30111	Yellowstone	MT	Montana	9
31001	Adams	NE	Nebraska	10
31003	Antelope	NE	Nebraska	10
31005	Arthur	NE	Nebraska	10
31007	Banner	NE	Nebraska	10
31009	Blaine	NE	Nebraska	10
31011	Boone	NE	Nebraska	10
31013	Box Butte	NE	Nebraska	10
31015	Boyd	NE	Nebraska	10
31017	Brown	NE	Nebraska	10
31019	Buffalo	NE	Nebraska	10
31021	Burt	NE	Nebraska	10
31023	Butler	NE	Nebraska	10
31025	Cass	NE	Nebraska	10
31027	Cedar	NE	Nebraska	10
31029	Chase	NE	Nebraska	10
31031	Cherry	NE	Nebraska	10
31033	Cheyenne	NE	Nebraska	10
31035	Clay	NE	Nebraska	10
31037	Colfax	NE	Nebraska	10
31039	Cuming	NE	Nebraska	10
31041	Custer	NE	Nebraska	10
31043	Dakota	NE	Nebraska	10
31045	Dawes	NE	Nebraska	10
31047	Dawson	NE	Nebraska	10
31049	Deuel	NE	Nebraska	10
31051	Dixon	NE	Nebraska	10
31053	Dodge	NE	Nebraska	10
31055	Douglas	NE	Nebraska	10
31057	Dundy	NE	Nebraska	10
31059	Fillmore	NE	Nebraska	10
31061	Franklin	NE	Nebraska	10
31063	Frontier	NE	Nebraska	10
31065	Furnas	NE	Nebraska	10
31067	Gage	NE	Nebraska	10
31069	Garden	NE	Nebraska	10
31071	Garfield	NE	Nebraska	10
31073	Gosper	NE	Nebraska	10
31075	Grant	NE	Nebraska	10
31077	Greeley	NE	Nebraska	10
31079	Hall	NE	Nebraska	10
31081	Hamilton	NE	Nebraska	10
31083	Harlan	NE	Nebraska	10
31085	Hayes	NE	Nebraska	10
31087	Hitchcock	NE	Nebraska	10
31089	Holt	NE	Nebraska	10
31091	Hooker	NE	Nebraska	10
31093	Howard	NE	Nebraska	10
31095	Jefferson	NE	Nebraska	10
31097	Johnson	NE	Nebraska	10
31099	Kearney	NE	Nebraska	10
31101	Keith	NE	Nebraska	10
31103	Keya Paha	NE	Nebraska	10
31105	Kimball	NE	Nebraska	10
31107	Knox	NE	Nebraska	10
31109	Lancaster	NE	Nebraska	10
31111	Lincoln	NE	Nebraska	10
31113	Logan	NE	Nebraska	10
31115	Loup	NE	Nebraska	10
31117	McPherson	NE	Nebraska	10
31119	Madison	NE	Nebraska	10
31121	Merrick	NE	Nebraska	10
31123	Morrill	NE	Nebraska	10
31125	Nance	NE	Nebraska	10
31127	Nemaha	NE	Nebraska	10
31129	Nuckolls	NE	Nebraska	10
31131	Otoe	NE	Nebraska	10
31133	Pawnee	NE	Nebraska	10
31135	Perkins	NE	Nebraska	10
31137	Phelps	NE	Nebraska	10
31139	Pierce	NE	Nebraska	10
31141	Platte	NE	Nebraska	10
31143	Polk	NE	Nebraska	10
31145	Red Willow	NE	Nebraska	10
31147	Richardson	NE	Nebraska	10
31149	Rock	NE	Nebraska	10
31151	Saline	NE	Nebraska	10
31153	Sarpy	NE	Nebraska	10
31155	Saunders	NE	Nebraska	10
31157	Scotts Bluff	NE	Nebraska	10
31159	Seward	NE	Nebraska	10
31161	Sheridan	NE	Nebraska	10
31163	Sherman	NE	Nebraska	10
31165	Sioux	NE	Nebraska	10
31167	Stanton	NE	Nebraska	10
31169	Thayer	NE	Nebraska	10
31171	Thomas	NE	Nebraska	10
31173	Thurston	NE	Nebraska	10
31175	Valley	NE	Nebraska	10
31177	Washington	NE	Nebraska	10
31179	Wayne	NE	Nebraska	10
31181	Webster	NE	Nebraska	10
31183	Wheeler	NE	Nebraska	10
31185	York	NE	Nebraska	10
32001	Churchill	NV	Nevada	12
32003	Clark	NV	Nevada	12
32005	Douglas	NV	Nevada	12
32007	Elko	NV	Nevada	12
32009	Esmeralda	NV	Nevada	12
32011	Eureka	NV	Nevada	12
32013	Humboldt	NV	Nevada	12
32015	Lander	NV	Nevada	12
32017	Lincoln	NV	Nevada	12
32019	Lyon	NV	Nevada	12
32021	Mineral	NV	Nevada	12
32023	Nye	NV	Nevada	12
32027	Pershing	NV	Nevada	12
32029	Storey	NV	Nevada	12
32031	Washoe	NV	Nevada	12
32033	White Pine	NV	Nevada	12
32510	Carson City	NV	Nevada	12
33001	Belknap	NH	New Hampshire	1
33003	Carroll	NH	New Hampshire	1
33005	Cheshire	NH	New Hampshire	1
33007	Coos	NH	New Hampshire	1
33009	Grafton	NH	New Hampshire	1
33011	Hillsborough	NH	New Hampshire	1
33013	Merrimack	NH	New Hampshire	1
33015	Rockingham	NH	New Hampshire	1
33017	Strafford	NH	New Hampshire	1
33019	Sullivan	NH	New Hampshire	1
34001	Atlantic	NJ	New Jersey	3
34003	Bergen	NJ	New Jersey	2
34005	Burlington	NJ	New Jersey	3
34007	Camden	NJ	New Jersey	3
34009	Cape May	NJ	New Jersey	3
34011	Cumberland	NJ	New Jersey	3
34013	Essex	NJ	New Jersey	2
34015	Gloucester	NJ	New Jersey	3
34017	Hudson	NJ	New Jersey	2
34019	Hunterdon	NJ	New Jersey	2
34021	Mercer	NJ	New Jersey	3
34023	Middlesex	NJ	New Jersey	2
34025	Monmouth	NJ	New Jersey	2
34027	Morris	NJ	New Jersey	2
34029	Ocean	NJ	New Jersey	3
34031	Passaic	NJ	New Jersey	2
34033	Salem	NJ	New Jersey	3
34035	Somerset	NJ	New Jersey	2
34037	Sussex	NJ	New Jersey	2
34039	Union	NJ	New Jersey	2
34041	Warren	NJ	New Jersey	2
35001	Bernalillo	NM	New Mexico	10
35003	Catron	NM	New Mexico	11
35005	Chaves	NM	New Mexico	11
35006	Cibola	NM	New Mexico	10
35007	Colfax	NM	New Mexico	10
35009	Curry	NM	New Mexico	11
35011	De Baca	NM	New Mexico	11
35013	Dona Ana	NM	New Mexico	11
35015	Eddy	NM	New Mexico	11
35017	Grant	NM	New Mexico	11
35019	Guadalupe	NM	New Mexico	11
35021	Harding	NM	New Mexico	10
35023	Hidalgo	NM	New Mexico	11
35025	Lea	NM	New Mexico	11
35027	Lincoln	NM	New Mexico	11
35028	Los Alamos	NM	New Mexico	10
35029	Luna	NM	New Mexico	11
35031	McKinley	NM	New Mexico	10
35033	Mora	NM	New Mexico	10
35035	Otero	NM	New Mexico	11
35037	Quay	NM	New Mexico	11
35039	Rio Arriba	NM	New Mexico	10
35041	Roosevelt	NM	New Mexico	11
35043	Sandoval	NM	New Mexico	10
35045	San Juan	NM	New Mexico	10
35047	San Miguel	NM	New Mexico	10
35049	Santa Fe	NM	New Mexico	10
35051	Sierra	NM	New Mexico	11
35053	Socorro	NM	New Mexico	11
35055	Taos	NM	New Mexico	10
35057	Torrance	NM	New Mexico	11
35059	Union	NM	New Mexico	10
35061	Valencia	NM	New Mexico	10
36001	Albany	NY	New York	2
36003	Allegany	NY	New York	2
36005	Bronx	NY	New York	2
36007	Broome	NY	New York	2
36009	Cattaraugus	NY	New York	2
36011	Cayuga	NY	New York	2
36013	Chautauqua	NY	New York	2
36015	Chemung	NY	New York	2
36017	Chenango	NY	New York	2
36019	Clinton	NY	New York	2
36021	Columbia	NY	New York	2
36023	Cortland	NY	New York	2
36025	Delaware	NY	New York	2
36027	Dutchess	NY	New York	2
36029	Erie	NY	New York	2
36031	Essex	NY	New York	2
36033	Franklin	NY	New York	2
36035	Fulton	NY	New York	2
36037	Genesee	NY	New York	2
36039	Greene	NY	New York	2
36041	Hamilton	NY	New York	2
36043	Herkimer	NY	New York	2
36045	Jefferson	NY	New York	2
36047	Kings	NY	New York	2
36049	Lewis	NY	New York	2
36051	Livingston	NY	New York	2
36053	Madison	NY	New York	2
36055	Monroe	NY	New York	2
36057	Montgomery	NY	New York	2
36059	Nassau	NY	New York	2
36061	New York	NY	New York	2
36063	Niagara	NY	New York	2
36065	Oneida	NY	New York	2
36067	Onondaga	NY	New York	2
36069	Ontario	NY	New York	2
36071	Orange	NY	New York	2
36073	Orleans	NY	New York	2
36075	Oswego	NY	New York	2
36077	Otsego	NY	New York	2
36079	Putnam	NY	New York	2
36081	Queens	NY	New York	2
36083	Rensselaer	NY	New York	2
36085	Richmond	NY	New York	2
36087	Rockland	NY	New York	2
36089	Saint Lawrence	NY	New York	2
36091	Saratoga	NY	New York	2
36093	Schenectady	NY	New York	2
36095	Schoharie	NY	New York	2
36097	Schuyler	NY	New York	2
36099	Seneca	NY	New York	2
36101	Steuben	NY	New York	2
36103	Suffolk	NY	New York	2
36105	Sullivan	NY	New York	2
36107	Tioga	NY	New York	2
36109	Tompkins	NY	New York	2
36111	Ulster	NY	New York	2
36113	Warren	NY	New York	2
36115	Washington	NY	New York	2
36117	Wayne	NY	New York	2
36119	Westchester	NY	New York	2
36121	Wyoming	NY	New York	2
36123	Yates	NY	New York	2
37001	Alamance	NC	North Carolina	5
37003	Alexander	NC	North Carolina	5
37005	Alleghany	NC	North Carolina	5
37007	Anson	NC	North Carolina	5
37009	Ashe	NC	North Carolina	5
37011	Avery	NC	North Carolina	5
37013	Beaufort	NC	North Carolina	5
37015	Bertie	NC	North Carolina	5
37017	Bladen	NC	North Carolina	5
37019	Brunswick	NC	North Carolina	5
37021	Buncombe	NC	North Carolina	5
37023	Burke	NC	North Carolina	5
37025	Cabarrus	NC	North Carolina	5
37027	Caldwell	NC	North Carolina	5
37029	Camden	NC	North Carolina	5
37031	Carteret	NC	North Carolina	5
37033	Caswell	NC	North Carolina	5
37035	Catawba	NC	North Carolina	5
37037	Chatham	NC	North Carolina	5
37039	Cherokee	NC	North Carolina	5
37041	Chowan	NC	North Carolina	5
37043	Clay	NC	North Carolina	5
37045	Cleveland	NC	North Carolina	5
37047	Columbus	NC	North Carolina	5
37049	Craven	NC	North Carolina	5
37051	Cumberland	NC	North Carolina	5
37053	Currituck	NC	North Carolina	5
37055	Dare	NC	North Carolina	5
37057	Davidson	NC	North Carolina	5
37059	Davie	NC	North Carolina	5
37061	Duplin	NC	North Carolina	5
37063	Durham	NC	North Carolina	5
37065	Edgecombe	NC	North Carolina	5
37067	Forsyth	NC	North Carolina	5
37069	Franklin	NC	North Carolina	5
37071	Gaston	NC	North Carolina	5
37073	Gates	NC	North Carolina	5
37075	Graham	NC	North Carolina	5
37077	Granville	NC	North Carolina	5
37079	Greene	NC	North Carolina	5
37081	Guilford	NC	North Carolina	5
37083	Halifax	NC	North Carolina	5
37085	Harnett	NC	North Carolina	5
37087	Haywood	NC	North Carolina	5
37089	Henderson	NC	North Carolina	5
37091	Hertford	NC	North Carolina	5
37093	Hoke	NC	North Carolina	5
37095	Hyde	NC	North Carolina	5
37097	Iredell	NC	North Carolina	5
37099	Jackson	NC	North Carolina	5
37101	Johnston	NC	North Carolina	5
37103	Jones	NC	North Carolina	5
37105	Lee	NC	North Carolina	5
37107	Lenoir	NC	North Carolina	5
37109	Lincoln	NC	North Carolina	5
37111	McDowell	NC	North Carolina	5
37113	Macon	NC	North Carolina	5
37115	Madison	NC	North Carolina	5
37117	Martin	NC	North Carolina	5
37119	Mecklenburg	NC	North Carolina	5
37121	Mitchell	NC	North Carolina	5
37123	Montgomery	NC	North Carolina	5
37125	Moore	NC	North Carolina	5
37127	Nash	NC	North Carolina	5
37129	New Hanover	NC	North Carolina	5
37131	Northampton	NC	North Carolina	5
37133	Onslow	NC	North Carolina	5
37135	Orange	NC	North Carolina	5
37137	Pamlico	NC	North Carolina	5
37139	Pasquotank	NC	North Carolina	5
37141	Pender	NC	North Carolina	5
37143	Perquimans	NC	North Carolina	5
37145	Person	NC	North Carolina	5
37147	Pitt	NC	North Carolina	5
37149	Polk	NC	North Carolina	5
37151	Randolph	NC	North Carolina	5
37153	Richmond	NC	North Carolina	5
37155	Robeson	NC	North Carolina	5
37157	Rockingham	NC	North Carolina	5
37159	Rowan	NC	North Carolina	5
37161	Rutherford	NC	North Carolina	5
37163	Sampson	NC	North Carolina	5
37165	Scotland	NC	North Carolina	5
37167	Stanly	NC	North Carolina	5
37169	Stokes	NC	North Carolina	5
37171	Surry	NC	North Carolina	5
37173	Swain	NC	North Carolina	5
37175	Transylvania	NC	North Carolina	5
37177	Tyrrell	NC	North Carolina	5
37179	Union	NC	North Carolina	5
37181	Vance	NC	North Carolina	5
37183	Wake	NC	North Carolina	5
37185	Warren	NC	North Carolina	5
37187	Washington	NC	North Carolina	5
37189	Watauga	NC	North Carolina	5
37191	Wayne	NC	North Carolina	5
37193	Wilkes	NC	North Carolina	5
37195	Wilson	NC	North Carolina	5
37197	Yadkin	NC	North Carolina	5
37199	Yancey	NC	North Carolina	5
38001	Adams	ND	North Dakota	9
38003	Barnes	ND	North Dakota	9
38005	Benson	ND	North Dakota	9
38007	Billings	ND	North Dakota	9
38009	Bottineau	ND	North Dakota	9
38011	Bowman	ND	North Dakota	9
38013	Burke	ND	North Dakota	9
38015	Burleigh	ND	North Dakota	9
38017	Cass	ND	North Dakota	9
38019	Cavalier	ND	North Dakota	9
38021	Dickey	ND	North Dakota	9
38023	Divide	ND	North Dakota	9
38025	Dunn	ND	North Dakota	9
38027	Eddy	ND	North Dakota	9
38029	Emmons	ND	North Dakota	9
38031	Foster	ND	North Dakota	9
38033	Golden Valley	ND	North Dakota	9
38035	Grand Forks	ND	North Dakota	9
38037	Grant	ND	North Dakota	9
38039	Griggs	ND	North Dakota	9
38041	Hettinger	ND	North Dakota	9
38043	Kidder	ND	North Dakota	9
38045	Lamoure	ND	North Dakota	9
38047	Logan	ND	North Dakota	9
38049	McHenry	ND	North Dakota	9
38051	McIntosh	ND	North Dakota	9
38053	McKenzie	ND	North Dakota	9
38055	McLean	ND	North Dakota	9
38057	Mercer	ND	North Dakota	9
38059	Morton	ND	North Dakota	9
38061	Mountrail	ND	North Dakota	9
38063	Nelson	ND	North Dakota	9
38065	Oliver	ND	North Dakota	9
38067	Pembina	ND	North Dakota	9
38069	Pierce	ND	North Dakota	9
38071	Ramsey	ND	North Dakota	9
38073	Ransom	ND	North Dakota	9
38075	Renville	ND	North Dakota	9
38077	Richland	ND	North Dakota	9
38079	Rolette	ND	North Dakota	9
38081	Sargent	ND	North Dakota	9
38083	Sheridan	ND	North Dakota	9
38085	Sioux	ND	North Dakota	9
38087	Slope	ND	North Dakota	9
38089	Stark	ND	North Dakota	9
38091	Steele	ND	North Dakota	9
38093	Stutsman	ND	North Dakota	9
38095	Towner	ND	North Dakota	9
38097	Traill	ND	North Dakota	9
38099	Walsh	ND	North Dakota	9
38101	Ward	ND	North Dakota	9
38103	Wells	ND	North Dakota	9
38105	Williams	ND	North Dakota	9
39001	Adams	OH	Ohio	4
39003	Allen	OH	Ohio	4
39005	Ashland	OH	Ohio	4
39007	Ashtabula	OH	Ohio	4
39009	Athens	OH	Ohio	4
39011	Auglaize	OH	Ohio	4
39013	Belmont	OH	Ohio	4
39015	Brown	OH	Ohio	4
39017	Butler	OH	Ohio	4
39019	Carroll	OH	Ohio	4
39021	Champaign	OH	Ohio	4
39023	Clark	OH	Ohio	4
39025	Clermont	OH	Ohio	4
39027	Clinton	OH	Ohio	4
39029	Columbiana	OH	Ohio	4
39031	Coshocton	OH	Ohio	4
39033	Crawford	OH	Ohio	4
39035	Cuyahoga	OH	Ohio	4
39037	Darke	OH	Ohio	4
39039	Defiance	OH	Ohio	4
39041	Delaware	OH	Ohio	4
39043	Erie	OH	Ohio	4
39045	Fairfield	OH	Ohio	4
39047	Fayette	OH	Ohio	4
39049	Franklin	OH	Ohio	4
39051	Fulton	OH	Ohio	4
39053	Gallia	OH	Ohio	4
39055	Geauga	OH	Ohio	4
39057	Greene	OH	Ohio	4
39059	Guernsey	OH	Ohio	4
39061	Hamilton	OH	Ohio	4
39063	Hancock	OH	Ohio	4
39065	Hardin	OH	Ohio	4
39067	Harrison	OH	Ohio	4
39069	Henry	OH	Ohio	4
39071	Highland	OH	Ohio	4
39073	Hocking	OH	Ohio	4
39075	Holmes	OH	Ohio	4
39077	Huron	OH	Ohio	4
39079	Jackson	OH	Ohio	4
39081	Jefferson	OH	Ohio	4
39083	Knox	OH	Ohio	4
39085	Lake	OH	Ohio	4
39087	Lawrence	OH	Ohio	4
39089	Licking	OH	Ohio	4
39091	Logan	OH	Ohio	4
39093	Lorain	OH	Ohio	4
39095	Lucas	OH	Ohio	4
39097	Madison	OH	Ohio	4
39099	Mahoning	OH	Ohio	4
39101	Marion	OH	Ohio	4
39103	Medina	OH	Ohio	4
39105	Meigs	OH	Ohio	4
39107	Mercer	OH	Ohio	4
39109	Miami	OH	Ohio	4
39111	Monroe	OH	Ohio	4
39113	Montgomery	OH	Ohio	4
39115	Morgan	OH	Ohio	4
39117	Morrow	OH	Ohio	4
39119	Muskingum	OH	Ohio	4
39121	Noble	OH	Ohio	4
39123	Ottawa	OH	Ohio	4
39125	Paulding	OH	Ohio	4
39127	Perry	OH	Ohio	4
39129	Pickaway	OH	Ohio	4
39131	Pike	OH	Ohio	4
39133	Portage	OH	Ohio	4
39135	Preble	OH	Ohio	4
39137	Putnam	OH	Ohio	4
39139	Richland	OH	Ohio	4
39141	Ross	OH	Ohio	4
39143	Sandusky	OH	Ohio	4
39145	Scioto	OH	Ohio	4
39147	Seneca	OH	Ohio	4
39149	Shelby	OH	Ohio	4
39151	Stark	OH	Ohio	4
39153	Summit	OH	Ohio	4
39155	Trumbull	OH	Ohio	4
39157	Tuscarawas	OH	Ohio	4
39159	Union	OH	Ohio	4
39161	Van Wert	OH	Ohio	4
39163	Vinton	OH	Ohio	4
39165	Warren	OH	Ohio	4
39167	Washington	OH	Ohio	4
39169	Wayne	OH	Ohio	4
39171	Williams	OH	Ohio	4
39173	Wood	OH	Ohio	4
39175	Wyandot	OH	Ohio	4
40001	Adair	OK	Oklahoma	10
40003	Alfalfa	OK	Oklahoma	10
40005	Atoka	OK	Oklahoma	10
40007	Beaver	OK	Oklahoma	10
40009	Beckham	OK	Oklahoma	10
40011	Blaine	OK	Oklahoma	10
40013	Bryan	OK	Oklahoma	10
40015	Caddo	OK	Oklahoma	10
40017	Canadian	OK	Oklahoma	10
40019	Carter	OK	Oklahoma	10
40021	Cherokee	OK	Oklahoma	10
40023	Choctaw	OK	Oklahoma	10
40025	Cimarron	OK	Oklahoma	10
40027	Cleveland	OK	Oklahoma	10
40029	Coal	OK	Oklahoma	10
40031	Comanche	OK	Oklahoma	10
40033	Cotton	OK	Oklahoma	10
40035	Craig	OK	Oklahoma	10
40037	Creek	OK	Oklahoma	10
40039	Custer	OK	Oklahoma	10
40041	Delaware	OK	Oklahoma	10
40043	Dewey	OK	Oklahoma	10
40045	Ellis	OK	Oklahoma	10
40047	Garfield	OK	Oklahoma	10
40049	Garvin	OK	Oklahoma	10
40051	Grady	OK	Oklahoma	10
40053	Grant	OK	Oklahoma	10
40055	Greer	OK	Oklahoma	10
40057	Harmon	OK	Oklahoma	10
40059	Harper	OK	Oklahoma	10
40061	Haskell	OK	Oklahoma	10
40063	Hughes	OK	Oklahoma	10
40065	Jackson	OK	Oklahoma	10
40067	Jefferson	OK	Oklahoma	10
40069	Johnston	OK	Oklahoma	10
40071	Kay	OK	Oklahoma	10
40073	Kingfisher	OK	Oklahoma	10
40075	Kiowa	OK	Oklahoma	10
40077	Latimer	OK	Oklahoma	10
40079	Le Flore	OK	Oklahoma	10
40081	Lincoln	OK	Oklahoma	10
40083	Logan	OK	Oklahoma	10
40085	Love	OK	Oklahoma	10
40087	McClain	OK	Oklahoma	10
40089	McCurtain	OK	Oklahoma	10
40091	McIntosh	OK	Oklahoma	10
40093	Major	OK	Oklahoma	10
40095	Marshall	OK	Oklahoma	10
40097	Mayes	OK	Oklahoma	10
40099	Murray	OK	Oklahoma	10
40101	Muskogee	OK	Oklahoma	10
40103	Noble	OK	Oklahoma	10
40105	Nowata	OK	Oklahoma	10
40107	Okfuskee	OK	Oklahoma	10
40109	Oklahoma	OK	Oklahoma	10
40111	Okmulgee	OK	Oklahoma	10
40113	Osage	OK	Oklahoma	10
40115	Ottawa	OK	Oklahoma	10
40117	Pawnee	OK	Oklahoma	10
40119	Payne	OK	Oklahoma	10
40121	Pittsburg	OK	Oklahoma	10
40123	Pontotoc	OK	Oklahoma	10
40125	Pottawatomie	OK	Oklahoma	10
40127	Pushmataha	OK	Oklahoma	10
40129	Roger Mills	OK	Oklahoma	10
40131	Rogers	OK	Oklahoma	10
40133	Seminole	OK	Oklahoma	10
40135	Sequoyah	OK	Oklahoma	10
40137	Stephens	OK	Oklahoma	10
40139	Texas	OK	Oklahoma	10
40141	Tillman	OK	Oklahoma	10
40143	Tulsa	OK	Oklahoma	10
40145	Wagoner	OK	Oklahoma	10
40147	Washington	OK	Oklahoma	10
40149	Washita	OK	Oklahoma	10
40151	Woods	OK	Oklahoma	10
40153	Woodward	OK	Oklahoma	10
41001	Baker	OR	Oregon	12
41003	Benton	OR	Oregon	12
41005	Clackamas	OR	Oregon	12
41007	Clatsop	OR	Oregon	12
41009	Columbia	OR	Oregon	12
41011	Coos	OR	Oregon	12
41013	Crook	OR	Oregon	12
41015	Curry	OR	Oregon	12
41017	Deschutes	OR	Oregon	12
41019	Douglas	OR	Oregon	12
41021	Gilliam	OR	Oregon	12
41023	Grant	OR	Oregon	12
41025	Harney	OR	Oregon	12
41027	Hood River	OR	Oregon	12
41029	Jackson	OR	Oregon	12
41031	Jefferson	OR	Oregon	12
41033	Josephine	OR	Oregon	12
41035	Klamath	OR	Oregon	12
41037	Lake	OR	Oregon	12
41039	Lane	OR	Oregon	12
41041	Lincoln	OR	Oregon	12
41043	Linn	OR	Oregon	12
41045	Malheur	OR	Oregon	12
41047	Marion	OR	Oregon	12
41049	Morrow	OR	Oregon	12
41051	Multnomah	OR	Oregon	12
41053	Polk	OR	Oregon	12
41055	Sherman	OR	Oregon	12
41057	Tillamook	OR	Oregon	12
41059	Umatilla	OR	Oregon	12
41061	Union	OR	Oregon	12
41063	Wallowa	OR	Oregon	12
41065	Wasco	OR	Oregon	12
41067	Washington	OR	Oregon	12
41069	Wheeler	OR	Oregon	12
41071	Yamhill	OR	Oregon	12
42001	Adams	PA	Pennsylvania	3
42003	Allegheny	PA	Pennsylvania	4
42005	Armstrong	PA	Pennsylvania	4
42007	Beaver	PA	Pennsylvania	4
42009	Bedford	PA	Pennsylvania	3
42011	Berks	PA	Pennsylvania	3
42013	Blair	PA	Pennsylvania	3
42015	Bradford	PA	Pennsylvania	3
42017	Bucks	PA	Pennsylvania	3
42019	Butler	PA	Pennsylvania	4
42021	Cambria	PA	Pennsylvania	3
42023	Cameron	PA	Pennsylvania	3
42025	Carbon	PA	Pennsylvania	3
42027	Centre	PA	Pennsylvania	3
42029	Chester	PA	Pennsylvania	3
42031	Clarion	PA	Pennsylvania	4
42033	Clearfield	PA	Pennsylvania	3
42035	Clinton	PA	Pennsylvania	3
42037	Columbia	PA	Pennsylvania	3
42039	Crawford	PA	Pennsylvania	4
42041	Cumberland	PA	Pennsylvania	3
42043	Dauphin	PA	Pennsylvania	3
42045	Delaware	PA	Pennsylvania	3
42047	Elk	PA	Pennsylvania	3
42049	Erie	PA	Pennsylvania	4
42051	Fayette	PA	Pennsylvania	4
42053	Forest	PA	Pennsylvania	4
42055	Franklin	PA	Pennsylvania	3
42057	Fulton	PA	Pennsylvania	3
42059	Greene	PA	Pennsylvania	4
42061	Huntingdon	PA	Pennsylvania	3
42063	Indiana	PA	Pennsylvania	4
42065	Jefferson	PA	Pennsylvania	4
42067	Juniata	PA	Pennsylvania	3
42069	Lackawanna	PA	Pennsylvania	3
42071	Lancaster	PA	Pennsylvania	3
42073	Lawrence	PA	Pennsylvania	4
42075	Lebanon	PA	Pennsylvania	3
42077	Lehigh	PA	Pennsylvania	3
42079	Luzerne	PA	Pennsylvania	3
42081	Lycoming	PA	Pennsylvania	3
42083	McKean	PA	Pennsylvania	3
42085	Mercer	PA	Pennsylvania	4
42087	Mifflin	PA	Pennsylvania	3
42089	Monroe	PA	Pennsylvania	3
42091	Montgomery	PA	Pennsylvania	3
42093	Montour	PA	Pennsylvania	3
42095	Northampton	PA	Pennsylvania	3
42097	Northumberland	PA	Pennsylvania	3
42099	Perry	PA	Pennsylvania	3
42101	Philadelphia	PA	Pennsylvania	3
42103	Pike	PA	Pennsylvania	3
42105	Potter	PA	Pennsylvania	3
42107	Schuylkill	PA	Pennsylvania	3
42109	Snyder	PA	Pennsylvania	3
42111	Somerset	PA	Pennsylvania	4
42113	Sullivan	PA	Pennsylvania	3
42115	Susquehanna	PA	Pennsylvania	3
42117	Tioga	PA	Pennsylvania	3
42119	Union	PA	Pennsylvania	3
42121	Venango	PA	Pennsylvania	4
42123	Warren	PA	Pennsylvania	4
42125	Washington	PA	Pennsylvania	4
42127	Wayne	PA	Pennsylvania	3
42129	Westmoreland	PA	Pennsylvania	4
42131	Wyoming	PA	Pennsylvania	3
42133	York	PA	Pennsylvania	3
44001	Bristol	RI	Rhode Island	1
44003	Kent	RI	Rhode Island	1
44005	Newport	RI	Rhode Island	1
44007	Providence	RI	Rhode Island	1
44009	Washington	RI	Rhode Island	1
45001	Abbeville	SC	South Carolina	5
45003	Aiken	SC	South Carolina	5
45005	Allendale	SC	South Carolina	5
45007	Anderson	SC	South Carolina	5
45009	Bamberg	SC	South Carolina	5
45011	Barnwell	SC	South Carolina	5
45013	Beaufort	SC	South Carolina	5
45015	Berkeley	SC	South Carolina	5
45017	Calhoun	SC	South Carolina	5
45019	Charleston	SC	South Carolina	5
45021	Cherokee	SC	South Carolina	5
45023	Chester	SC	South Carolina	5
45025	Chesterfield	SC	South Carolina	5
45027	Clarendon	SC	South Carolina	5
45029	Colleton	SC	South Carolina	5
45031	Darlington	SC	South Carolina	5
45033	Dillon	SC	South Carolina	5
45035	Dorchester	SC	South Carolina	5
45037	Edgefield	SC	South Carolina	5
45039	Fairfield	SC	South Carolina	5
45041	Florence	SC	South Carolina	5
45043	Georgetown	SC	South Carolina	5
45045	Greenville	SC	South Carolina	5
45047	Greenwood	SC	South Carolina	5
45049	Hampton	SC	South Carolina	5
45051	Horry	SC	South Carolina	5
45053	Jasper	SC	South Carolina	5
45055	Kershaw	SC	South Carolina	5
45057	Lancaster	SC	South Carolina	5
45059	Laurens	SC	South Carolina	5
45061	Lee	SC	South Carolina	5
45063	Lexington	SC	South Carolina	5
45065	McCormick	SC	South Carolina	5
45067	Marion	SC	South Carolina	5
45069	Marlboro	SC	South Carolina	5
45071	Newberry	SC	South Carolina	5
45073	Oconee	SC	South Carolina	5
45075	Orangeburg	SC	South Carolina	5
45077	Pickens	SC	South Carolina	5
45079	Richland	SC	South Carolina	5
45081	Saluda	SC	South Carolina	5
45083	Spartanburg	SC	South Carolina	5
45085	Sumter	SC	South Carolina	5
45087	Union	SC	South Carolina	5
45089	Williamsburg	SC	South Carolina	5
45091	York	SC	South Carolina	5
46003	Aurora	SD	South Dakota	9
46005	Beadle	SD	South Dakota	9
46007	Bennett	SD	South Dakota	9
46009	Bon Homme	SD	South Dakota	9
46011	Brookings	SD	South Dakota	9
46013	Brown	SD	South Dakota	9
46015	Brule	SD	South Dakota	9
46017	Buffalo	SD	South Dakota	9
46019	Butte	SD	South Dakota	9
46021	Campbell	SD	South Dakota	9
46023	Charles Mix	SD	South Dakota	9
46025	Clark	SD	South Dakota	9
46027	Clay	SD	South Dakota	9
46029	Codington	SD	South Dakota	9
46031	Corson	SD	South Dakota	9
46033	Custer	SD	South Dakota	9
46035	Davison	SD	South Dakota	9
46037	Day	SD	South Dakota	9
46039	Deuel	SD	South Dakota	9
46041	Dewey	SD	South Dakota	9
46043	Douglas	SD	South Dakota	9
46045	Edmunds	SD	South Dakota	9
46047	Fall River	SD	South Dakota	9
46049	Faulk	SD	South Dakota	9
46051	Grant	SD	South Dakota	9
46053	Gregory	SD	South Dakota	9
46055	Haakon	SD	South Dakota	9
46057	Hamlin	SD	South Dakota	9
46059	Hand	SD	South Dakota	9
46061	Hanson	SD	South Dakota	9
46063	Harding	SD	South Dakota	9
46065	Hughes	SD	South Dakota	9
46067	Hutchinson	SD	South Dakota	9
46069	Hyde	SD	South Dakota	9
46071	Jackson	SD	South Dakota	9
46073	Jerauld	SD	South Dakota	9
46075	Jones	SD	South Dakota	9
46077	Kingsbury	SD	South Dakota	9
46079	Lake	SD	South Dakota	9
46081	Lawrence	SD	South Dakota	9
46083	Lincoln	SD	South Dakota	9
46085	Lyman	SD	South Dakota	9
46087	McCook	SD	South Dakota	9
46089	McPherson	SD	South Dakota	9
46091	Marshall	SD	South Dakota	9
46093	Meade	SD	South Dakota	9
46095	Mellette	SD	South Dakota	9
46097	Miner	SD	South Dakota	9
46099	Minnehaha	SD	South Dakota	9
46101	Moody	SD	South Dakota	9
46102	Oglala Lakota	SD	South Dakota	9
46103	Pennington	SD	South Dakota	9
46105	Perkins	SD	South Dakota	9
46107	Potter	SD	South Dakota	9
46109	Roberts	SD	South Dakota	9
46111	Sanborn	SD	South Dakota	9
46113	Shannon	SD	South Dakota	9
46115	Spink	SD	South Dakota	9
46117	Stanley	SD	South Dakota	9
46119	Sully	SD	South Dakota	9
46121	Todd	SD	South Dakota	9
46123	Tripp	SD	South Dakota	9
46125	Turner	SD	South Dakota	9
46127	Union	SD	South Dakota	9
46129	Walworth	SD	South Dakota	9
46135	Yankton	SD	South Dakota	9
46137	Ziebach	SD	South Dakota	9
47001	Anderson	TN	Tennessee	6
47003	Bedford	TN	Tennessee	6
47005	Benton	TN	Tennessee	8
47007	Bledsoe	TN	Tennessee	6
47009	Blount	TN	Tennessee	6
47011	Bradley	TN	Tennessee	6
47013	Campbell	TN	Tennessee	6
47015	Cannon	TN	Tennessee	6
47017	Carroll	TN	Tennessee	8
47019	Carter	TN	Tennessee	6
47021	Cheatham	TN	Tennessee	6
47023	Chester	TN	Tennessee	8
47025	Claiborne	TN	Tennessee	6
47027	Clay	TN	Tennessee	6
47029	Cocke	TN	Tennessee	6
47031	Coffee	TN	Tennessee	6
47033	Crockett	TN	Tennessee	8
47035	Cumberland	TN	Tennessee	6
47037	Davidson	TN	Tennessee	6
47039	Decatur	TN	Tennessee	8
47041	DeKalb	TN	Tennessee	6
47043	Dickson	TN	Tennessee	6
47045	Dyer	TN	Tennessee	8
47047	Fayette	TN	Tennessee	8
47049	Fentress	TN	Tennessee	6
47051	Franklin	TN	Tennessee	6
47053	Gibson	TN	Tennessee	8
47055	Giles	TN	Tennessee	6
47057	Grainger	TN	Tennessee	6
47059	Greene	TN	Tennessee	6
47061	Grundy	TN	Tennessee	6
47063	Hamblen	TN	Tennessee	6
47065	Hamilton	TN	Tennessee	6
47067	Hancock	TN	Tennessee	6
47069	Hardeman	TN	Tennessee	8
47071	Hardin	TN	Tennessee	8
47073	Hawkins	TN	Tennessee	6
47075	Haywood	TN	Tennessee	8
47077	Henderson	TN	Tennessee	8
47079	Henry	TN	Tennessee	8
47081	Hickman	TN	Tennessee	6
47083	Houston	TN	Tennessee	6
47085	Humphreys	TN	Tennessee	6
47087	Jackson	TN	Tennessee	6
47089	Jefferson	TN	Tennessee	6
47091	Johnson	TN	Tennessee	6
47093	Knox	TN	Tennessee	6
47095	Lake	TN	Tennessee	8
47097	Lauderdale	TN	Tennessee	8
47099	Lawrence	TN	Tennessee	6
47101	Lewis	TN	Tennessee	6
47103	Lincoln	TN	Tennessee	6
47105	Loudon	TN	Tennessee	6
47107	McMinn	TN	Tennessee	6
47109	McNairy	TN	Tennessee	8
47111	Macon	TN	Tennessee	6
47113	Madison	TN	Tennessee	8
47115	Marion	TN	Tennessee	6
47117	Marshall	TN	Tennessee	6
47119	Maury	TN	Tennessee	6
47121	Meigs	TN	Tennessee	6
47123	Monroe	TN	Tennessee	6
47125	Montgomery	TN	Tennessee	6
47127	Moore	TN	Tennessee	6
47129	Morgan	TN	Tennessee	6
47131	Obion	TN	Tennessee	8
47133	Overton	TN	Tennessee	6
47135	Perry	TN	Tennessee	6
47137	Pickett	TN	Tennessee	6
47139	Polk	TN	Tennessee	6
47141	Putnam	TN	Tennessee	6
47143	Rhea	TN	Tennessee	6
47145	Roane	TN	Tennessee	6
47147	Robertson	TN	Tennessee	6
47149	Rutherford	TN	Tennessee	6
47151	Scott	TN	Tennessee	6
47153	Sequatchie	TN	Tennessee	6
47155	Sevier	TN	Tennessee	6
47157	Shelby	TN	Tennessee	8
47159	Smith	TN	Tennessee	6
47161	Stewart	TN	Tennessee	6
47163	Sullivan	TN	Tennessee	6
47165	Sumner	TN	Tennessee	6
47167	Tipton	TN	Tennessee	8
47169	Trousdale	TN	Tennessee	6
47171	Unicoi	TN	Tennessee	6
47173	Union	TN	Tennessee	6
47175	Van Buren	TN	Tennessee	6
47177	Warren	TN	Tennessee	6
47179	Washington	TN	Tennessee	6
47181	Wayne	TN	Tennessee	6
47183	Weakley	TN	Tennessee	8
47185	White	TN	Tennessee	6
47187	Williamson	TN	Tennessee	6
47189	Wilson	TN	Tennessee	6
48001	Anderson	TX	Texas	11
48003	Andrews	TX	Texas	11
48005	Angelina	TX	Texas	11
48007	Aransas	TX	Texas	11
48009	Archer	TX	Texas	11
48011	Armstrong	TX	Texas	11
48013	Atascosa	TX	Texas	11
48015	Austin	TX	Texas	11
48017	Bailey	TX	Texas	11
48019	Bandera	TX	Texas	11
48021	Bastrop	TX	Texas	11
48023	Baylor	TX	Texas	11
48025	Bee	TX	Texas	11
48027	Bell	TX	Texas	11
48029	Bexar	TX	Texas	11
48031	Blanco	TX	Texas	11
48033	Borden	TX	Texas	11
48035	Bosque	TX	Texas	11
48037	Bowie	TX	Texas	11
48039	Brazoria	TX	Texas	11
48041	Brazos	TX	Texas	11
48043	Brewster	TX	Texas	11
48045	Briscoe	TX	Texas	11
48047	Brooks	TX	Texas	11
48049	Brown	TX	Texas	11
48051	Burleson	TX	Texas	11
48053	Burnet	TX	Texas	11
48055	Caldwell	TX	Texas	11
48057	Calhoun	TX	Texas	11
48059	Callahan	TX	Texas	11
48061	Cameron	TX	Texas	11
48063	Camp	TX	Texas	11
48065	Carson	TX	Texas	11
48067	Cass	TX	Texas	11
48069	Castro	TX	Texas	11
48071	Chambers	TX	Texas	11
48073	Cherokee	TX	Texas	11
48075	Childress	TX	Texas	11
48077	Clay	TX	Texas	11
48079	Cochran	TX	Texas	11
48081	Coke	TX	Texas	11
48083	Coleman	TX	Texas	11
48085	Collin	TX	Texas	11
48087	Collingsworth	TX	Texas	11
48089	Colorado	TX	Texas	11
48091	Comal	TX	Texas	11
48093	Comanche	TX	Texas	11
48095	Concho	TX	Texas	11
48097	Cooke	TX	Texas	11
48099	Coryell	TX	Texas	11
48101	Cottle	TX	Texas	11
48103	Crane	TX	Texas	11
48105	Crockett	TX	Texas	11
48107	Crosby	TX	Texas	11
48109	Culberson	TX	Texas	11
48111	Dallam	TX	Texas	11
48113	Dallas	TX	Texas	11
48115	Dawson	TX	Texas	11
48117	Deaf Smith	TX	Texas	11
48119	Delta	TX	Texas	11
48121	Denton	TX	Texas	11
48123	De Witt	TX	Texas	11
48125	Dickens	TX	Texas	11
48127	Dimmit	TX	Texas	11
48129	Donley	TX	Texas	11
48131	Duval	TX	Texas	11
48133	Eastland	TX	Texas	11
48135	Ector	TX	Texas	11
48137	Edwards	TX	Texas	11
48139	Ellis	TX	Texas	11
48141	El Paso	TX	Texas	11
48143	Erath	TX	Texas	11
48145	Falls	TX	Texas	11
48147	Fannin	TX	Texas	11
48149	Fayette	TX	Texas	11
48151	Fisher	TX	Texas	11
48153	Floyd	TX	Texas	11
48155	Foard	TX	Texas	11
48157	Fort Bend	TX	Texas	11
48159	Franklin	TX	Texas	11
48161	Freestone	TX	Texas	11
48163	Frio	TX	Texas	11
48165	Gaines	TX	Texas	11
48167	Galveston	TX	Texas	11
48169	Garza	TX	Texas	11
48171	Gillespie	TX	Texas	11
48173	Glasscock	TX	Texas	11
48175	Goliad	TX	Texas	11
48177	Gonzales	TX	Texas	11
48179	Gray	TX	Texas	11
48181	Grayson	TX	Texas	11
48183	Gregg	TX	Texas	11
48185	Grimes	TX	Texas	11
48187	Guadalupe	TX	Texas	11
48189	Hale	TX	Texas	11
48191	Hall	TX	Texas	11
48193	Hamilton	TX	Texas	11
48195	Hansford	TX	Texas	11
48197	Hardeman	TX	Texas	11
48199	Hardin	TX	Texas	11
48201	Harris	TX	Texas	11
48203	Harrison	TX	Texas	11
48205	Hartley	TX	Texas	11
48207	Haskell	TX	Texas	11
48209	Hays	TX	Texas	11
48211	Hemphill	TX	Texas	11
48213	Henderson	TX	Texas	11
48215	Hidalgo	TX	Texas	11
48217	Hill	TX	Texas	11
48219	Hockley	TX	Texas	11
48221	Hood	TX	Texas	11
48223	Hopkins	TX	Texas	11
48225	Houston	TX	Texas	11
48227	Howard	TX	Texas	11
48229	Hudspeth	TX	Texas	11
48231	Hunt	TX	Texas	11
48233	Hutchinson	TX	Texas	11
48235	Irion	TX	Texas	11
48237	Jack	TX	Texas	11
48239	Jackson	TX	Texas	11
48241	Jasper	TX	Texas	11
48243	Jeff Davis	TX	Texas	11
48245	Jefferson	TX	Texas	11
48247	Jim Hogg	TX	Texas	11
48249	Jim Wells	TX	Texas	11
48251	Johnson	TX	Texas	11
48253	Jones	TX	Texas	11
48255	Karnes	TX	Texas	11
48257	Kaufman	TX	Texas	11
48259	Kendall	TX	Texas	11
48261	Kenedy	TX	Texas	11
48263	Kent	TX	Texas	11
48265	Kerr	TX	Texas	11
48267	Kimble	TX	Texas	11
48269	King	TX	Texas	11
48271	Kinney	TX	Texas	11
48273	Kleberg	TX	Texas	11
48275	Knox	TX	Texas	11
48277	Lamar	TX	Texas	11
48279	Lamb	TX	Texas	11
48281	Lampasas	TX	Texas	11
48283	La Salle	TX	Texas	11
48285	Lavaca	TX	Texas	11
48287	Lee	TX	Texas	11
48289	Leon	TX	Texas	11
48291	Liberty	TX	Texas	11
48293	Limestone	TX	Texas	11
48295	Lipscomb	TX	Texas	11
48297	Live Oak	TX	Texas	11
48299	Llano	TX	Texas	11
48301	Loving	TX	Texas	11
48303	Lubbock	TX	Texas	11
48305	Lynn	TX	Texas	11
48307	McCulloch	TX	Texas	11
48309	McLennan	TX	Texas	11
48311	McMullen	TX	Texas	11
48313	Madison	TX	Texas	11
48315	Marion	TX	Texas	11
48317	Martin	TX	Texas	11
48319	Mason	TX	Texas	11
48321	Matagorda	TX	Texas	11
48323	Maverick	TX	Texas	11
48325	Medina	TX	Texas	11
48327	Menard	TX	Texas	11
48329	Midland	TX	Texas	11
48331	Milam	TX	Texas	11
48333	Mills	TX	Texas	11
48335	Mitchell	TX	Texas	11
48337	Montague	TX	Texas	11
48339	Montgomery	TX	Texas	11
48341	Moore	TX	Texas	11
48343	Morris	TX	Texas	11
48345	Motley	TX	Texas	11
48347	Nacogdoches	TX	Texas	11
48349	Navarro	TX	Texas	11
48351	Newton	TX	Texas	11
48353	Nolan	TX	Texas	11
48355	Nueces	TX	Texas	11
48357	Ochiltree	TX	Texas	11
48359	Oldham	TX	Texas	11
48361	Orange	TX	Texas	11
48363	Palo Pinto	TX	Texas	11
48365	Panola	TX	Texas	11
48367	Parker	TX	Texas	11
48369	Parmer	TX	Texas	11
48371	Pecos	TX	Texas	11
48373	Polk	TX	Texas	11
48375	Potter	TX	Texas	11
48377	Presidio	TX	Texas	11
48379	Rains	TX	Texas	11
48381	Randall	TX	Texas	11
48383	Reagan	TX	Texas	11
48385	Real	TX	Texas	11
48387	Red River	TX	Texas	11
48389	Reeves	TX	Texas	11
48391	Refugio	TX	Texas	11
48393	Roberts	TX	Texas	11
48395	Robertson	TX	Texas	11
48397	Rockwall	TX	Texas	11
48399	Runnels	TX	Texas	11
48401	Rusk	TX	Texas	11
48403	Sabine	TX	Texas	11
48405	San Augustine	TX	Texas	11
48407	San Jacinto	TX	Texas	11
48409	San Patricio	TX	Texas	11
48411	San Saba	TX	Texas	11
48413	Schleicher	TX	Texas	11
48415	Scurry	TX	Texas	11
48417	Shackelford	TX	Texas	11
48419	Shelby	TX	Texas	11
48421	Sherman	TX	Texas	11
48423	Smith	TX	Texas	11
48425	Somervell	TX	Texas	11
48427	Starr	TX	Texas	11
48429	Stephens	TX	Texas	11
48431	Sterling	TX	Texas	11
48433	Stonewall	TX	Texas	11
48435	Sutton	TX	Texas	11
48437	Swisher	TX	Texas	11
48439	Tarrant	TX	Texas	11
48441	Taylor	TX	Texas	11
48443	Terrell	TX	Texas	11
48445	Terry	TX	Texas	11
48447	Throckmorton	TX	Texas	11
48449	Titus	TX	Texas	11
48451	Tom Green	TX	Texas	11
48453	Travis	TX	Texas	11
48455	Trinity	TX	Texas	11
48457	Tyler	TX	Texas	11
48459	Upshur	TX	Texas	11
48461	Upton	TX	Texas	11
48463	Uvalde	TX	Texas	11
48465	Val Verde	TX	Texas	11
48467	Van Zandt	TX	Texas	11
48469	Victoria	TX	Texas	11
48471	Walker	TX	Texas	11
48473	Waller	TX	Texas	11
48475	Ward	TX	Texas	11
48477	Washington	TX	Texas	11
48479	Webb	TX	Texas	11
48481	Wharton	TX	Texas	11
48483	Wheeler	TX	Texas	11
48485	Wichita	TX	Texas	11
48487	Wilbarger	TX	Texas	11
48489	Willacy	TX	Texas	11
48491	Williamson	TX	Texas	11
48493	Wilson	TX	Texas	11
48495	Winkler	TX	Texas	11
48497	Wise	TX	Texas	11
48499	Wood	TX	Texas	11
48501	Yoakum	TX	Texas	11
48503	Young	TX	Texas	11
48505	Zapata	TX	Texas	11
48507	Zavala	TX	Texas	11
49001	Beaver	UT	Utah	12
49003	Box Elder	UT	Utah	12
49005	Cache	UT	Utah	12
49007	Carbon	UT	Utah	12
49009	Daggett	UT	Utah	12
49011	Davis	UT	Utah	12
49013	Duchesne	UT	Utah	12
49015	Emery	UT	Utah	12
49017	Garfield	UT	Utah	12
49019	Grand	UT	Utah	12
49021	Iron	UT	Utah	12
49023	Juab	UT	Utah	12
49025	Kane	UT	Utah	12
49027	Millard	UT	Utah	12
49029	Morgan	UT	Utah	12
49031	Piute	UT	Utah	12
49033	Rich	UT	Utah	12
49035	Salt Lake	UT	Utah	12
49037	San Juan	UT	Utah	12
49039	Sanpete	UT	Utah	12
49041	Sevier	UT	Utah	12
49043	Summit	UT	Utah	12
49045	Tooele	UT	Utah	12
49047	Uintah	UT	Utah	12
49049	Utah	UT	Utah	12
49051	Wasatch	UT	Utah	12
49053	Washington	UT	Utah	12
49055	Wayne	UT	Utah	12
49057	Weber	UT	Utah	12
50001	Addison	VT	Vermont	1
50003	Bennington	VT	Vermont	1
50005	Caledonia	VT	Vermont	1
50007	Chittenden	VT	Vermont	1
50009	Essex	VT	Vermont	1
50011	Franklin	VT	Vermont	1
50013	Grand Isle	VT	Vermont	1
50015	Lamoille	VT	Vermont	1
50017	Orange	VT	Vermont	1
50019	Orleans	VT	Vermont	1
50021	Rutland	VT	Vermont	1
50023	Washington	VT	Vermont	1
50025	Windham	VT	Vermont	1
50027	Windsor	VT	Vermont	1
51001	Accomack	VA	Virginia	5
51003	Albemarle	VA	Virginia	5
51005	Alleghany	VA	Virginia	5
51007	Amelia	VA	Virginia	5
51009	Amherst	VA	Virginia	5
51011	Appomattox	VA	Virginia	5
51013	Arlington	VA	Virginia	5
51015	Augusta	VA	Virginia	5
51017	Bath	VA	Virginia	5
51019	Bedford	VA	Virginia	5
51021	Bland	VA	Virginia	5
51023	Botetourt	VA	Virginia	5
51025	Brunswick	VA	Virginia	5
51027	Buchanan	VA	Virginia	5
51029	Buckingham	VA	Virginia	5
51031	Campbell	VA	Virginia	5
51033	Caroline	VA	Virginia	5
51035	Carroll	VA	Virginia	5
51036	Charles City	VA	Virginia	5
51037	Charlotte	VA	Virginia	5
51041	Chesterfield	VA	Virginia	5
51043	Clarke	VA	Virginia	5
51045	Craig	VA	Virginia	5
51047	Culpeper	VA	Virginia	5
51049	Cumberland	VA	Virginia	5
51051	Dickenson	VA	Virginia	5
51053	Dinwiddie	VA	Virginia	5
51057	Essex	VA	Virginia	5
51059	Fairfax	VA	Virginia	5
51061	Fauquier	VA	Virginia	5
51063	Floyd	VA	Virginia	5
51065	Fluvanna	VA	Virginia	5
51067	Franklin	VA	Virginia	5
51069	Frederick	VA	Virginia	5
51071	Giles	VA	Virginia	5
51073	Gloucester	VA	Virginia	5
51075	Goochland	VA	Virginia	5
51077	Grayson	VA	Virginia	5
51079	Greene	VA	Virginia	5
51081	Greensville	VA	Virginia	5
51083	Halifax	VA	Virginia	5
51085	Hanover	VA	Virginia	5
51087	Henrico	VA	Virginia	5
51089	Henry	VA	Virginia	5
51091	Highland	VA	Virginia	5
51093	Isle of Wight	VA	Virginia	5
51095	James City	VA	Virginia	5
51097	King and Queen	VA	Virginia	5
51099	King George	VA	Virginia	5
51101	King William	VA	Virginia	5
51103	Lancaster	VA	Virginia	5
51105	Lee	VA	Virginia	5
51107	Loudoun	VA	Virginia	5
51109	Louisa	VA	Virginia	5
51111	Lunenburg	VA	Virginia	5
51113	Madison	VA	Virginia	5
51115	Mathews	VA	Virginia	5
51117	Mecklenburg	VA	Virginia	5
51119	Middlesex	VA	Virginia	5
51121	Montgomery	VA	Virginia	5
51125	Nelson	VA	Virginia	5
51127	New Kent	VA	Virginia	5
51131	Northampton	VA	Virginia	5
51133	Northumberland	VA	Virginia	5
51135	Nottoway	VA	Virginia	5
51137	Orange	VA	Virginia	5
51139	Page	VA	Virginia	5
51141	Patrick	VA	Virginia	5
51143	Pittsylvania	VA	Virginia	5
51145	Powhatan	VA	Virginia	5
51147	Prince Edward	VA	Virginia	5
51149	Prince George	VA	Virginia	5
51153	Prince William	VA	Virginia	5
51155	Pulaski	VA	Virginia	5
51157	Rappahannock	VA	Virginia	5
51159	Richmond	VA	Virginia	5
51161	Roanoke	VA	Virginia	5
51163	Rockbridge	VA	Virginia	5
51165	Rockingham	VA	Virginia	5
51167	Russell	VA	Virginia	5
51169	Scott	VA	Virginia	5
51171	Shenandoah	VA	Virginia	5
51173	Smyth	VA	Virginia	5
51175	Southampton	VA	Virginia	5
51177	Spotsylvania	VA	Virginia	5
51179	Stafford	VA	Virginia	5
51181	Surry	VA	Virginia	5
51183	Sussex	VA	Virginia	5
51185	Tazewell	VA	Virginia	5
51187	Warren	VA	Virginia	5
51191	Washington	VA	Virginia	5
51193	Westmoreland	VA	Virginia	5
51195	Wise	VA	Virginia	5
51197	Wythe	VA	Virginia	5
51199	York	VA	Virginia	5
51510	Alexandria City	VA	Virginia	5
51520	Bristol	VA	Virginia	5
51530	Buena Vista City	VA	Virginia	5
51540	Charlottesville City	VA	Virginia	5
51550	Chesapeake City	VA	Virginia	5
51570	Colonial Heights City	VA	Virginia	5
51580	Covington City	VA	Virginia	5
51590	Danville City	VA	Virginia	5
51600	Fairfax City	VA	Virginia	5
51610	Falls Church City	VA	Virginia	5
51620	Franklin City	VA	Virginia	5
51630	Fredericksburg City	VA	Virginia	5
51640	Galax City	VA	Virginia	5
51650	Hampton City	VA	Virginia	5
51660	Harrisonburg City	VA	Virginia	5
51670	Hopewell City	VA	Virginia	5
51678	Lexington City	VA	Virginia	5
51680	Lynchburg City	VA	Virginia	5
51683	Manassas City	VA	Virginia	5
51685	Manassas Park City	VA	Virginia	5
51690	Martinsville City	VA	Virginia	5
51700	Newport News City	VA	Virginia	5
51710	Norfolk City	VA	Virginia	5
51720	Norton City	VA	Virginia	5
51730	Petersburg City	VA	Virginia	5
51735	Poquoson City	VA	Virginia	5
51740	Portsmouth City	VA	Virginia	5
51750	Radford City	VA	Virginia	5
51760	Richmond City	VA	Virginia	5
51770	Roanoke City	VA	Virginia	5
51775	Salem	VA	Virginia	5
51790	Staunton City	VA	Virginia	5
51800	Suffolk City	VA	Virginia	5
51810	Virginia Beach City	VA	Virginia	5
51820	Waynesboro City	VA	Virginia	5
51830	Williamsburg City	VA	Virginia	5
51840	Winchester City	VA	Virginia	5
53001	Adams	WA	Washington	12
53003	Asotin	WA	Washington	12
53005	Benton	WA	Washington	12
53007	Chelan	WA	Washington	12
53009	Clallam	WA	Washington	12
53011	Clark	WA	Washington	12
53013	Columbia	WA	Washington	12
53015	Cowlitz	WA	Washington	12
53017	Douglas	WA	Washington	12
53019	Ferry	WA	Washington	12
53021	Franklin	WA	Washington	12
53023	Garfield	WA	Washington	12
53025	Grant	WA	Washington	12
53027	Grays Harbor	WA	Washington	12
53029	Island	WA	Washington	12
53031	Jefferson	WA	Washington	12
53033	King	WA	Washington	12
53035	Kitsap	WA	Washington	12
53037	Kittitas	WA	Washington	12
53039	Klickitat	WA	Washington	12
53041	Lewis	WA	Washington	12
53043	Lincoln	WA	Washington	12
53045	Mason	WA	Washington	12
53047	Okanogan	WA	Washington	12
53049	Pacific	WA	Washington	12
53051	Pend Oreille	WA	Washington	12
53053	Pierce	WA	Washington	12
53055	San Juan	WA	Washington	12
53057	Skagit	WA	Washington	12
53059	Skamania	WA	Washington	12
53061	Snohomish	WA	Washington	12
53063	Spokane	WA	Washington	12
53065	Stevens	WA	Washington	12
53067	Thurston	WA	Washington	12
53069	Wahkiakum	WA	Washington	12
53071	Walla Walla	WA	Washington	12
53073	Whatcom	WA	Washington	12
53075	Whitman	WA	Washington	12
53077	Yakima	WA	Washington	12
54001	Barbour	WV	West Virginia	5
54003	Berkeley	WV	West Virginia	5
54005	Boone	WV	West Virginia	5
54007	Braxton	WV	West Virginia	5
54009	Brooke	WV	West Virginia	4
54011	Cabell	WV	West Virginia	5
54013	Calhoun	WV	West Virginia	5
54015	Clay	WV	West Virginia	5
54017	Doddridge	WV	West Virginia	5
54019	Fayette	WV	West Virginia	5
54021	Gilmer	WV	West Virginia	5
54023	Grant	WV	West Virginia	5
54025	Greenbrier	WV	West Virginia	5
54027	Hampshire	WV	West Virginia	5
54029	Hancock	WV	West Virginia	4
54031	Hardy	WV	West Virginia	5
54033	Harrison	WV	West Virginia	5
54035	Jackson	WV	West Virginia	5
54037	Jefferson	WV	West Virginia	5
54039	Kanawha	WV	West Virginia	5
54041	Lewis	WV	West Virginia	5
54043	Lincoln	WV	West Virginia	5
54045	Logan	WV	West Virginia	5
54047	McDowell	WV	West Virginia	5
54049	Marion	WV	West Virginia	5
54051	Marshall	WV	West Virginia	4
54053	Mason	WV	West Virginia	5
54055	Mercer	WV	West Virginia	5
54057	Mineral	WV	West Virginia	5
54059	Mingo	WV	West Virginia	5
54061	Monongalia	WV	West Virginia	5
54063	Monroe	WV	West Virginia	5
54065	Morgan	WV	West Virginia	5
54067	Nicholas	WV	West Virginia	5
54069	Ohio	WV	West Virginia	4
54071	Pendleton	WV	West Virginia	5
54073	Pleasants	WV	West Virginia	5
54075	Pocahontas	WV	West Virginia	5
54077	Preston	WV	West Virginia	5
54079	Putnam	WV	West Virginia	5
54081	Raleigh	WV	West Virginia	5
54083	Randolph	WV	West Virginia	5
54085	Ritchie	WV	West Virginia	5
54087	Roane	WV	West Virginia	5
54089	Summers	WV	West Virginia	5
54091	Taylor	WV	West Virginia	5
54093	Tucker	WV	West Virginia	5
54095	Tyler	WV	West Virginia	4
54097	Upshur	WV	West Virginia	5
54099	Wayne	WV	West Virginia	5
54101	Webster	WV	West Virginia	5
54103	Wetzel	WV	West Virginia	4
54105	Wirt	WV	West Virginia	5
54107	Wood	WV	West Virginia	5
54109	Wyoming	WV	West Virginia	5
55001	Adams	WI	Wisconsin	7
55003	Ashland	WI	Wisconsin	9
55005	Barron	WI	Wisconsin	9
55007	Bayfield	WI	Wisconsin	9
55009	Brown	WI	Wisconsin	7
55011	Buffalo	WI	Wisconsin	9
55013	Burnett	WI	Wisconsin	9
55015	Calumet	WI	Wisconsin	7
55017	Chippewa	WI	Wisconsin	9
55019	Clark	WI	Wisconsin	7
55021	Columbia	WI	Wisconsin	7
55023	Crawford	WI	Wisconsin	7
55025	Dane	WI	Wisconsin	7
55027	Dodge	WI	Wisconsin	7
55029	Door	WI	Wisconsin	7
55031	Douglas	WI	Wisconsin	9
55033	Dunn	WI	Wisconsin	9
55035	Eau Claire	WI	Wisconsin	9
55037	Florence	WI	Wisconsin	9
55039	Fond du Lac	WI	Wisconsin	7
55041	Forest	WI	Wisconsin	9
55043	Grant	WI	Wisconsin	7
55045	Green	WI	Wisconsin	7
55047	Green Lake	WI	Wisconsin	7
55049	Iowa	WI	Wisconsin	7
55051	Iron	WI	Wisconsin	9
55053	Jackson	WI	Wisconsin	7
55055	Jefferson	WI	Wisconsin	7
55057	Juneau	WI	Wisconsin	7
55059	Kenosha	WI	Wisconsin	7
55061	Kewaunee	WI	Wisconsin	7
55063	La Crosse	WI	Wisconsin	9
55065	Lafayette	WI	Wisconsin	7
55067	Langlade	WI	Wisconsin	7
55069	Lincoln	WI	Wisconsin	9
55071	Manitowoc	WI	Wisconsin	7
55073	Marathon	WI	Wisconsin	7
55075	Marinette	WI	Wisconsin	7
55077	Marquette	WI	Wisconsin	7
55078	Menominee	WI	Wisconsin	7
55079	Milwaukee	WI	Wisconsin	7
55081	Monroe	WI	Wisconsin	7
55083	Oconto	WI	Wisconsin	7
55085	Oneida	WI	Wisconsin	9
55087	Outagamie	WI	Wisconsin	7
55089	Ozaukee	WI	Wisconsin	7
55091	Pepin	WI	Wisconsin	9
55093	Pierce	WI	Wisconsin	9
55095	Polk	WI	Wisconsin	9
55097	Portage	WI	Wisconsin	7
55099	Price	WI	Wisconsin	9
55101	Racine	WI	Wisconsin	7
55103	Richland	WI	Wisconsin	7
55105	Rock	WI	Wisconsin	7
55107	Rusk	WI	Wisconsin	9
55109	Saint Croix	WI	Wisconsin	9
55111	Sauk	WI	Wisconsin	7
55113	Sawyer	WI	Wisconsin	9
55115	Shawano	WI	Wisconsin	7
55117	Sheboygan	WI	Wisconsin	7
55119	Taylor	WI	Wisconsin	9
55121	Trempealeau	WI	Wisconsin	9
55123	Vernon	WI	Wisconsin	7
55125	Vilas	WI	Wisconsin	9
55127	Walworth	WI	Wisconsin	7
55129	Washburn	WI	Wisconsin	9
55131	Washington	WI	Wisconsin	7
55133	Waukesha	WI	Wisconsin	7
55135	Waupaca	WI	Wisconsin	7
55137	Waushara	WI	Wisconsin	7
55139	Winnebago	WI	Wisconsin	7
55141	Wood	WI	Wisconsin	7
56001	Albany	WY	Wyoming	10
56003	Big Horn	WY	Wyoming	10
56005	Campbell	WY	Wyoming	10
56007	Carbon	WY	Wyoming	10
56009	Converse	WY	Wyoming	10
56011	Crook	WY	Wyoming	10
56013	Fremont	WY	Wyoming	10
56015	Goshen	WY	Wyoming	10
56017	Hot Springs	WY	Wyoming	10
56019	Johnson	WY	Wyoming	10
56021	Laramie	WY	Wyoming	10
56023	Lincoln	WY	Wyoming	10
56025	Natrona	WY	Wyoming	10
56027	Niobrara	WY	Wyoming	10
56029	Park	WY	Wyoming	10
56031	Platte	WY	Wyoming	10
56033	Sheridan	WY	Wyoming	10
56035	Sublette	WY	Wyoming	10
56037	Sweetwater	WY	Wyoming	10
56039	Teton	WY	Wyoming	10
56041	Uinta	WY	Wyoming	10
56043	Washakie	WY	Wyoming	10
56045	Weston	WY	Wyoming	10
66010	Guam	GU	Guam	12
72001	Adjuntas	PR	Puerto Rico	2
72003	Aguada	PR	Puerto Rico	2
72005	Aguadilla	PR	Puerto Rico	2
72007	Aguas Buenas	PR	Puerto Rico	2
72009	Aibonito	PR	Puerto Rico	2
72011	Anasco	PR	Puerto Rico	2
72013	Arecibo	PR	Puerto Rico	2
72015	Arroyo	PR	Puerto Rico	2
72017	Barceloneta	PR	Puerto Rico	2
72019	Barranquitas	PR	Puerto Rico	2
72021	Bayamon	PR	Puerto Rico	2
72023	Cabo Rojo	PR	Puerto Rico	2
72025	Caguas	PR	Puerto Rico	2
72027	Camuy	PR	Puerto Rico	2
72029	Canovanas	PR	Puerto Rico	2
72031	Carolina	PR	Puerto Rico	2
72033	Catano	PR	Puerto Rico	2
72035	Cayey	PR	Puerto Rico	2
72037	Ceiba	PR	Puerto Rico	2
72039	Ciales	PR	Puerto Rico	2
72041	Cidra	PR	Puerto Rico	2
72043	Coamo	PR	Puerto Rico	2
72045	Comerio	PR	Puerto Rico	2
72047	Corozal	PR	Puerto Rico	2
72049	Culebra	PR	Puerto Rico	2
72051	Dorado	PR	Puerto Rico	2
72053	Fajardo	PR	Puerto Rico	2
72054	Florida	PR	Puerto Rico	2
72055	Guanica	PR	Puerto Rico	2
72057	Guayama	PR	Puerto Rico	2
72059	Guayanilla	PR	Puerto Rico	2
72061	Guaynabo	PR	Puerto Rico	2
72063	Gurabo	PR	Puerto Rico	2
72065	Hatillo	PR	Puerto Rico	2
72067	Hormigueros	PR	Puerto Rico	2
72069	Humacao	PR	Puerto Rico	2
72071	Isabela	PR	Puerto Rico	2
72073	Jayuya	PR	Puerto Rico	2
72075	Juana Diaz	PR	Puerto Rico	2
72077	Juncos	PR	Puerto Rico	2
72079	Lajas	PR	Puerto Rico	2
72081	Lares	PR	Puerto Rico	2
72083	Las Marias	PR	Puerto Rico	2
72085	Las Piedras	PR	Puerto Rico	2
72087	Loiza	PR	Puerto Rico	2
72089	Luquillo	PR	Puerto Rico	2
72091	Manati	PR	Puerto Rico	2
72093	Maricao	PR	Puerto Rico	2
72095	Maunabo	PR	Puerto Rico	2
72097	Mayaguez	PR	Puerto Rico	2
72099	Moca	PR	Puerto Rico	2
72101	Morovis	PR	Puerto Rico	2
72103	Naguabo	PR	Puerto Rico	2
72105	Naranjito	PR	Puerto Rico	2
72107	Orocovis	PR	Puerto Rico	2
72109	Patillas	PR	Puerto Rico	2
72111	Penuelas	PR	Puerto Rico	2
72113	Ponce	PR	Puerto Rico	2
72115	Quebradillas	PR	Puerto Rico	2
72117	Rincon	PR	Puerto Rico	2
72119	Rio Grande	PR	Puerto Rico	2
72121	Sabana Grande	PR	Puerto Rico	2
72123	Salinas	PR	Puerto Rico	2
72125	San German	PR	Puerto Rico	2
72127	San Juan	PR	Puerto Rico	2
72129	San Lorenzo	PR	Puerto Rico	2
72131	San Sebastian	PR	Puerto Rico	2
72133	Santa Isabel	PR	Puerto Rico	2
72135	Toa Alta	PR	Puerto Rico	2
72137	Toa Baja	PR	Puerto Rico	2
72139	Trujillo Alto	PR	Puerto Rico	2
72141	Utuado	PR	Puerto Rico	2
72143	Vega Alta	PR	Puerto Rico	2
72145	Vega Baja	PR	Puerto Rico	2
72147	Vieques	PR	Puerto Rico	2
72149	Villalba	PR	Puerto Rico	2
72151	Yabucoa	PR	Puerto Rico	2
72153	Yauco	PR	Puerto Rico	2
78010	Saint Croix	VI	Virgin Islands	2
78020	Saint John	VI	Virgin Islands	2
78030	Saint Thomas	VI	Virgin Islands	2
